[2026-07-20 01:28:53,172] [Sosyal_Medya_Uploader] INFO: ✅ global_config.json başarıyla yüklendi
[2026-07-20 01:28:53,172] [Sosyal_Medya_Uploader] INFO: 🚀 Sosyal_Medya_Uploader başlatılıyor...
[2026-07-20 01:28:53,172] [Sosyal_Medya_Uploader] INFO: 📁 Agent ID: None
[2026-07-20 01:28:53,172] [Sosyal_Medya_Uploader] WARNING: ⚠️ youtube_api_key için API anahtarı eksik
[2026-07-20 01:28:53,172] [Sosyal_Medya_Uploader] WARNING: ⚠️ tiktok_api_key için API anahtarı eksik
[2026-07-20 01:28:53,172] [Sosyal_Medya_Uploader] WARNING: ⚠️ instagram_access_token için API anahtarı eksik
[2026-07-20 01:28:53,172] [Sosyal_Medya_Uploader] WARNING: ⚠️ twitter_api_key için API anahtarı eksik
[2026-07-20 01:28:53,172] [Sosyal_Medya_Uploader] WARNING: ⚠️ twitter_api_secret için API anahtarı eksik
[2026-07-20 01:28:53,172] [Sosyal_Medya_Uploader] INFO: 📊 Platform durumu: {'youtube_api_key': False, 'tiktok_api_key': False, 'instagram_access_token': False, 'twitter_api_key': False, 'twitter_api_secret': False}
[2026-07-20 01:28:53,172] [Sosyal_Medya_Uploader] INFO: 📁 Varsayılan video: content/videos/default_video.mp4
[2026-07-20 01:28:53,172] [Sosyal_Medya_Uploader] INFO: 🌐 Varsayılan dil: tr
[2026-07-20 01:28:53,172] [Sosyal_Medya_Uploader] INFO: 💓 Heartbeat thread başlatıldı
[2026-07-20 01:28:53,172] [MASTER_CONTROLLER] INFO: ✅ 'SocialUploaderAgent' (trm_agents.social_uploader_agent) initialize edildi.
[2026-07-20 01:28:53,172] [MASTER_CONTROLLER] INFO: ✅ 'TRMAccountingAgent' (trm_agents.trm_accounting_agent) initialize edildi.
[2026-07-20 01:28:53,172] [MASTER_CONTROLLER] INFO: ✅ 'TRMGatekeeperAgent' (trm_agents.trm_gatekeeper_agent) initialize edildi.
[2026-07-20 01:28:53,172] [MASTER_CONTROLLER] INFO: ✅ 'TRMLocalRecruiterAgent' (trm_agents.trm_local_recruiter_agent) initialize edildi.
[2026-07-20 01:28:53,172] [MASTER_CONTROLLER] INFO: Otonom servisler sırayla devreye alınıyor...
[2026-07-20 01:28:53,172] [ContentCreator] INFO: 🔄 İçerik üretimi başlatılıyor...
[2026-07-20 01:28:53,172] [ContentCreator] INFO: 🎯 Varsayılan konu: {}
[2026-07-20 01:28:53,172] [ContentCreator] INFO: 🤖 İçerik üretiliyor: {}
[2026-07-20 01:28:55,180] [ContentCreator] INFO: 📤 İçerik YouTube_Shorts'a gönderiliyor...
[2026-07-20 01:28:55,682] [ContentCreator] INFO: 📤 İçerik TikTok'a gönderiliyor...
[2026-07-20 01:28:56,183] [ContentCreator] INFO: 📤 İçerik Instagram_Reels'a gönderiliyor...
[2026-07-20 01:28:56,684] [ContentCreator] INFO: ✅ İçerik üretildi ve 3 platforma gönderildi
[2026-07-20 01:28:56,684] [MASTER_CONTROLLER] INFO: ✅ 'ContentCreatorAgent' başarıyla tetiklendi.
[2026-07-20 01:28:56,685] [utils.config_loader] INFO: Config yüklendi: C:\Users\Habitat\Desktop\SOSYAL _İMECE\config\global_config.json, max ajan sayısı: 165
[2026-07-20 01:28:56,685] [MASTER_CONTROLLER] INFO: ✅ 'FinansAgent' başarıyla tetiklendi.
[2026-07-20 01:28:56,701] [trm_agents.global_affiliate_recruiter_agent] INFO: 🚀 Agent TRM_GLOBAL_AFFILIATE_RECRUITER (#162) starting...
[2026-07-20 01:28:56,701] [trm_agents.global_affiliate_recruiter_agent] INFO: 🔍 Scanning TR market for potential affiliate partners...
[2026-07-20 01:28:56,701] [trm_agents.global_affiliate_recruiter_agent] INFO: 🎯 Found 5 potential partners!
[2026-07-20 01:28:56,701] [trm_agents.global_affiliate_recruiter_agent] INFO: 🔍 Scanning US market for potential affiliate partners...
[2026-07-20 01:28:56,701] [trm_agents.global_affiliate_recruiter_agent] INFO: 🎯 Found 5 potential partners!
[2026-07-20 01:28:56,701] [trm_agents.global_affiliate_recruiter_agent] INFO: 🔍 Scanning EU market for potential affiliate partners...
[2026-07-20 01:28:56,701] [trm_agents.global_affiliate_recruiter_agent] INFO: 🎯 Found 5 potential partners!
[2026-07-20 01:28:56,701] [trm_agents.global_affiliate_recruiter_agent] INFO: ✨ Partner Turkish Trend Shop showed interest!
[2026-07-20 01:28:56,701] [trm_agents.global_affiliate_recruiter_agent] INFO: ✅ New partner Turkish Trend Shop successfully added to system!
[2026-07-20 01:28:56,701] [trm_agents.global_affiliate_recruiter_agent] INFO: 🔍 Scanning UK market for potential affiliate partners...
[2026-07-20 01:28:56,701] [trm_agents.global_affiliate_recruiter_agent] INFO: 🎯 Found 5 potential partners!
[2026-07-20 01:28:56,701] [trm_agents.global_affiliate_recruiter_agent] INFO: 🔍 Scanning CA market for potential affiliate partners...
[2026-07-20 01:28:56,701] [trm_agents.global_affiliate_recruiter_agent] INFO: 🎯 Found 5 potential partners!
[2026-07-20 01:28:56,701] [trm_agents.global_affiliate_recruiter_agent] INFO: 🔍 Scanning AU market for potential affiliate partners...
[2026-07-20 01:28:56,701] [trm_agents.global_affiliate_recruiter_agent] INFO: 🎯 Found 5 potential partners!
[2026-07-20 01:28:56,713] [trm_agents.global_affiliate_recruiter_agent] INFO: ✨ Partner Turkish Trend Shop showed interest!
[2026-07-20 01:28:56,733] [trm_agents.global_affiliate_recruiter_agent] INFO: ✅ New partner Turkish Trend Shop successfully added to system!
[2026-07-20 01:28:56,733] [trm_agents.global_affiliate_recruiter_agent] INFO: ✅ Agent TRM_GLOBAL_AFFILIATE_RECRUITER completed scan.
[2026-07-20 01:28:56,733] [MASTER_CONTROLLER] INFO: ✅ 'TRMGlobalAffiliateRecruiterAgent' başarıyla tetiklendi.
[2026-07-20 01:28:56,752] [trm_agents.human_auditor_agent] INFO: 🚀 Agent TRM_HUMAN_AUDITOR (#163) starting...
[2026-07-20 01:28:56,752] [trm_agents.human_auditor_agent] INFO: 🎙️ Sesli mülakat başlatılıyor: Ahmet Yılmaz
[2026-07-20 01:28:56,752] [trm_agents.human_auditor_agent] INFO: 📋 Anaç ve şefkatli mülakat soruları oluşturuldu: 5 soru
[2026-07-20 01:28:56,752] [trm_agents.human_auditor_agent] INFO: 🚀 Starting audit process for Ahmet Yılmaz...
[2026-07-20 01:28:56,752] [trm_agents.human_auditor_agent] INFO: 🔍 Analyzing applicant psychology using simulated NLP...
[2026-07-20 01:28:56,752] [trm_agents.human_auditor_agent] INFO: ✅ Psychology analysis complete! Decision: APPROVED, Overall Score: 98.75
[2026-07-20 01:28:56,754] [trm_agents.human_auditor_agent] INFO: ✅ Audit saved to local database.
[2026-07-20 01:28:56,754] [trm_agents.human_auditor_agent] INFO: 📤 (Simulated) Saving audit to Google Drive spreadsheet: Müracaat_Degerlendirme
[2026-07-20 01:28:56,754] [trm_agents.human_auditor_agent] INFO: ✅ Agent TRM_HUMAN_AUDITOR completed simulated audit with motherly warmth.
[2026-07-20 01:28:56,754] [MASTER_CONTROLLER] INFO: ✅ 'TRMHumanAuditorAgent' başarıyla tetiklendi.
[2026-07-20 01:28:56,756] [utils.config_loader] INFO: Config yüklendi: C:\Users\Habitat\Desktop\SOSYAL _İMECE\config\global_config.json, max ajan sayısı: 165
[2026-07-20 01:28:56,815] [MASTER_CONTROLLER] INFO: ✅ 'IcerikAgent' başarıyla tetiklendi.
[2026-07-20 01:28:56,815] [MyNewAgent] INFO: 🔄 Çalıştırılıyor...
[2026-07-20 01:28:56,815] [MASTER_CONTROLLER] INFO: ✅ 'MyNewAgent' başarıyla tetiklendi.
[2026-07-20 01:28:56,829] [utils.config_loader] INFO: Config yüklendi: C:\Users\Habitat\Desktop\SOSYAL _İMECE\config\global_config.json, max ajan sayısı: 165
[2026-07-20 01:28:56,917] [MASTER_CONTROLLER] INFO: ✅ 'SeoAgent' başarıyla tetiklendi.
[2026-07-20 01:29:17,360] [Sosyal_Medya_Uploader] INFO: ✅ global_config.json başarıyla yüklendi
[2026-07-20 01:29:17,360] [Sosyal_Medya_Uploader] INFO: 🚀 Sosyal_Medya_Uploader başlatılıyor...
[2026-07-20 01:29:17,360] [Sosyal_Medya_Uploader] INFO: 📁 Agent ID: None
[2026-07-20 01:29:17,360] [Sosyal_Medya_Uploader] WARNING: ⚠️ youtube_api_key için API anahtarı eksik
[2026-07-20 01:29:17,360] [Sosyal_Medya_Uploader] WARNING: ⚠️ tiktok_api_key için API anahtarı eksik
[2026-07-20 01:29:17,360] [Sosyal_Medya_Uploader] WARNING: ⚠️ instagram_access_token için API anahtarı eksik
[2026-07-20 01:29:17,360] [Sosyal_Medya_Uploader] WARNING: ⚠️ twitter_api_key için API anahtarı eksik
[2026-07-20 01:29:17,360] [Sosyal_Medya_Uploader] WARNING: ⚠️ twitter_api_secret için API anahtarı eksik
[2026-07-20 01:29:17,360] [Sosyal_Medya_Uploader] INFO: 📊 Platform durumu: {'youtube_api_key': False, 'tiktok_api_key': False, 'instagram_access_token': False, 'twitter_api_key': False, 'twitter_api_secret': False}
[2026-07-20 01:29:17,360] [Sosyal_Medya_Uploader] INFO: 📁 Varsayılan video: content/videos/default_video.mp4
[2026-07-20 01:29:17,360] [Sosyal_Medya_Uploader] INFO: 🌐 Varsayılan dil: tr
[2026-07-20 01:29:17,360] [Sosyal_Medya_Uploader] INFO: 💓 Heartbeat thread başlatıldı
[2026-07-20 01:29:17,360] [MASTER_CONTROLLER] INFO: ✅ 'SocialUploaderAgent' (trm_agents.social_uploader_agent) initialize edildi.
[2026-07-20 01:29:17,360] [MASTER_CONTROLLER] INFO: ✅ 'TRMAccountingAgent' (trm_agents.trm_accounting_agent) initialize edildi.
[2026-07-20 01:29:17,360] [MASTER_CONTROLLER] INFO: ✅ 'TRMGatekeeperAgent' (trm_agents.trm_gatekeeper_agent) initialize edildi.
[2026-07-20 01:29:17,360] [MASTER_CONTROLLER] INFO: ✅ 'TRMLocalRecruiterAgent' (trm_agents.trm_local_recruiter_agent) initialize edildi.
[2026-07-20 01:29:17,360] [MASTER_CONTROLLER] INFO: Otonom servisler sırayla devreye alınıyor...
[2026-07-20 01:29:17,360] [ContentCreator] INFO: 🔄 İçerik üretimi başlatılıyor...
[2026-07-20 01:29:17,360] [ContentCreator] INFO: 🎯 Varsayılan konu: {}
[2026-07-20 01:29:17,360] [ContentCreator] INFO: 🤖 İçerik üretiliyor: {}
[2026-07-20 01:29:19,372] [ContentCreator] INFO: 📤 İçerik YouTube_Shorts'a gönderiliyor...
[2026-07-20 01:29:19,873] [ContentCreator] INFO: 📤 İçerik TikTok'a gönderiliyor...
[2026-07-20 01:29:20,373] [ContentCreator] INFO: 📤 İçerik Instagram_Reels'a gönderiliyor...
[2026-07-20 01:29:20,874] [ContentCreator] INFO: ✅ İçerik üretildi ve 3 platforma gönderildi
[2026-07-20 01:29:20,874] [MASTER_CONTROLLER] INFO: ✅ 'ContentCreatorAgent' başarıyla tetiklendi.
[2026-07-20 01:29:20,874] [utils.config_loader] INFO: Config yüklendi: C:\Users\Habitat\Desktop\SOSYAL _İMECE\config\global_config.json, max ajan sayısı: 165
[2026-07-20 01:29:20,874] [MASTER_CONTROLLER] INFO: ✅ 'FinansAgent' başarıyla tetiklendi.
[2026-07-20 01:29:20,886] [trm_agents.global_affiliate_recruiter_agent] INFO: 🚀 Agent TRM_GLOBAL_AFFILIATE_RECRUITER (#162) starting...
[2026-07-20 01:29:20,886] [trm_agents.global_affiliate_recruiter_agent] INFO: 🔍 Scanning TR market for potential affiliate partners...
[2026-07-20 01:29:20,886] [trm_agents.global_affiliate_recruiter_agent] INFO: 🎯 Found 5 potential partners!
[2026-07-20 01:29:20,886] [trm_agents.global_affiliate_recruiter_agent] INFO: 🔍 Scanning US market for potential affiliate partners...
[2026-07-20 01:29:20,886] [trm_agents.global_affiliate_recruiter_agent] INFO: 🎯 Found 5 potential partners!
[2026-07-20 01:29:20,886] [trm_agents.global_affiliate_recruiter_agent] INFO: 🔍 Scanning EU market for potential affiliate partners...
[2026-07-20 01:29:20,886] [trm_agents.global_affiliate_recruiter_agent] INFO: 🎯 Found 5 potential partners!
[2026-07-20 01:29:20,886] [trm_agents.global_affiliate_recruiter_agent] INFO: 🔍 Scanning UK market for potential affiliate partners...
[2026-07-20 01:29:20,886] [trm_agents.global_affiliate_recruiter_agent] INFO: 🎯 Found 5 potential partners!
[2026-07-20 01:29:20,886] [trm_agents.global_affiliate_recruiter_agent] INFO: 🔍 Scanning CA market for potential affiliate partners...
[2026-07-20 01:29:20,886] [trm_agents.global_affiliate_recruiter_agent] INFO: 🎯 Found 5 potential partners!
[2026-07-20 01:29:20,886] [trm_agents.global_affiliate_recruiter_agent] INFO: 🔍 Scanning AU market for potential affiliate partners...
[2026-07-20 01:29:20,886] [trm_agents.global_affiliate_recruiter_agent] INFO: 🎯 Found 5 potential partners!
[2026-07-20 01:29:20,886] [trm_agents.global_affiliate_recruiter_agent] INFO: ✅ Agent TRM_GLOBAL_AFFILIATE_RECRUITER completed scan.
[2026-07-20 01:29:20,886] [MASTER_CONTROLLER] INFO: ✅ 'TRMGlobalAffiliateRecruiterAgent' başarıyla tetiklendi.
[2026-07-20 01:29:20,886] [trm_agents.human_auditor_agent] INFO: 🚀 Agent TRM_HUMAN_AUDITOR (#163) starting...
[2026-07-20 01:29:20,886] [trm_agents.human_auditor_agent] INFO: 🎙️ Sesli mülakat başlatılıyor: Ahmet Yılmaz
[2026-07-20 01:29:20,886] [trm_agents.human_auditor_agent] INFO: 📋 Anaç ve şefkatli mülakat soruları oluşturuldu: 5 soru
[2026-07-20 01:29:20,886] [trm_agents.human_auditor_agent] INFO: 🚀 Starting audit process for Ahmet Yılmaz...
[2026-07-20 01:29:20,886] [trm_agents.human_auditor_agent] INFO: 🔍 Analyzing applicant psychology using simulated NLP...
[2026-07-20 01:29:20,886] [trm_agents.human_auditor_agent] INFO: ✅ Psychology analysis complete! Decision: APPROVED, Overall Score: 94.9
[2026-07-20 01:29:20,886] [trm_agents.human_auditor_agent] INFO: ✅ Audit saved to local database.
[2026-07-20 01:29:20,886] [trm_agents.human_auditor_agent] INFO: 📤 (Simulated) Saving audit to Google Drive spreadsheet: Müracaat_Degerlendirme
[2026-07-20 01:29:20,886] [trm_agents.human_auditor_agent] INFO: ✅ Agent TRM_HUMAN_AUDITOR completed simulated audit with motherly warmth.
[2026-07-20 01:29:20,886] [MASTER_CONTROLLER] INFO: ✅ 'TRMHumanAuditorAgent' başarıyla tetiklendi.
[2026-07-20 01:29:20,901] [utils.config_loader] INFO: Config yüklendi: C:\Users\Habitat\Desktop\SOSYAL _İMECE\config\global_config.json, max ajan sayısı: 165
[2026-07-20 01:29:20,935] [MASTER_CONTROLLER] INFO: ✅ 'IcerikAgent' başarıyla tetiklendi.
[2026-07-20 01:29:20,939] [MyNewAgent] INFO: 🔄 Çalıştırılıyor...
[2026-07-20 01:29:20,939] [MASTER_CONTROLLER] INFO: ✅ 'MyNewAgent' başarıyla tetiklendi.
[2026-07-20 01:29:20,939] [utils.config_loader] INFO: Config yüklendi: C:\Users\Habitat\Desktop\SOSYAL _İMECE\config\global_config.json, max ajan sayısı: 165
[2026-07-20 01:29:20,990] [MASTER_CONTROLLER] INFO: ✅ 'SeoAgent' başarıyla tetiklendi.
[2026-07-20 01:29:20,997] [Sosyal_Medya_Uploader] INFO: 🔄 Sosyal medya dağıtımı başlatılıyor...
[2026-07-20 01:29:20,997] [Sosyal_Medya_Uploader] INFO: 📁 Varsayılan video path: C:\Users\Habitat\Desktop\SOSYAL _İMECE\content/videos/default_video.mp4
[2026-07-20 01:29:20,997] [Sosyal_Medya_Uploader] INFO: 🌐 Varsayılan dil: tr
[2026-07-20 01:29:20,997] [Sosyal_Medya_Uploader] ERROR: ❌ Video dosyası bulunamadı: C:\Users\Habitat\Desktop\SOSYAL _İMECE\content/videos/default_video.mp4
[2026-07-20 01:29:20,997] [Sosyal_Medya_Uploader] WARNING: ⚠️ Yedek video da bulunamadı, simülasyon devam ediyor
[2026-07-20 01:29:20,997] [Sosyal_Medya_Uploader] WARNING: ⚠️ YouTube_Shorts için API anahtarı eksik, simülasyon modunda
[2026-07-20 01:29:20,997] [Sosyal_Medya_Uploader] INFO: 📤 Simülasyon: C:\Users\Habitat\Desktop\SOSYAL _İMECE\content/videos/default_video.mp4 → YouTube_Shorts (tr)
[2026-07-20 01:29:20,997] [Sosyal_Medya_Uploader] WARNING: ⚠️ TikTok için API anahtarı eksik, simülasyon modunda
[2026-07-20 01:29:20,997] [Sosyal_Medya_Uploader] INFO: 📤 Simülasyon: C:\Users\Habitat\Desktop\SOSYAL _İMECE\content/videos/default_video.mp4 → TikTok (tr)
[2026-07-20 01:29:20,997] [Sosyal_Medya_Uploader] WARNING: ⚠️ Instagram_Reels için API anahtarı eksik, simülasyon modunda
[2026-07-20 01:29:20,997] [Sosyal_Medya_Uploader] INFO: 📤 Simülasyon: C:\Users\Habitat\Desktop\SOSYAL _İMECE\content/videos/default_video.mp4 → Instagram_Reels (tr)
[2026-07-20 01:29:20,997] [Sosyal_Medya_Uploader] INFO: ✅ Dağıtım tamamlandı. 3 platform işlendi.
[2026-07-20 01:29:20,997] [MASTER_CONTROLLER] INFO: ✅ 'SocialUploaderAgent' başarıyla tetiklendi.
[2026-07-20 01:29:21,000] [MASTER_CONTROLLER] INFO: ✅ 'TRMAccountingAgent' başarıyla tetiklendi.
[2026-07-20 01:29:21,010] [MASTER_CONTROLLER] INFO: ✅ 'TRMGatekeeperAgent' başarıyla tetiklendi.
[2026-07-20 01:29:21,013] [trm_agents.trm_local_recruiter_agent] INFO: 🚀 Agent TRM_Local_Recruiter (#164) başlatılıyor...
[2026-07-20 01:29:21,013] [trm_agents.trm_local_recruiter_agent] INFO: 🔍 İstanbul piyasasında yerli firmalar taranıyor...
[2026-07-20 01:29:21,013] [trm_agents.trm_local_recruiter_agent] INFO: 🎯 4 yerli firma bulundu!
[2026-07-20 01:29:21,013] [trm_agents.trm_local_recruiter_agent] INFO: 🔍 Ankara piyasasında yerli firmalar taranıyor...
[2026-07-20 01:29:21,013] [trm_agents.trm_local_recruiter_agent] INFO: 🎯 4 yerli firma bulundu!
[2026-07-20 01:29:21,013] [trm_agents.trm_local_recruiter_agent] INFO: 🔍 İzmir piyasasında yerli firmalar taranıyor...
[2026-07-20 01:29:21,013] [trm_agents.trm_local_recruiter_agent] INFO: 🎯 4 yerli firma bulundu!
[2026-07-20 01:29:21,013] [trm_agents.trm_local_recruiter_agent] INFO: 🔍 Bursa piyasasında yerli firmalar taranıyor...
[2026-07-20 01:29:21,013] [trm_agents.trm_local_recruiter_agent] INFO: 🎯 4 yerli firma bulundu!
[2026-07-20 01:29:21,013] [trm_agents.trm_local_recruiter_agent] INFO: 🔍 Antalya piyasasında yerli firmalar taranıyor...
[2026-07-20 01:29:21,013] [trm_agents.trm_local_recruiter_agent] INFO: 🎯 4 yerli firma bulundu!
[2026-07-20 01:29:21,013] [trm_agents.trm_local_recruiter_agent] INFO: 🔍 Adana piyasasında yerli firmalar taranıyor...
[2026-07-20 01:29:21,013] [trm_agents.trm_local_recruiter_agent] INFO: 🎯 4 yerli firma bulundu!
[2026-07-20 01:29:21,013] [trm_agents.trm_local_recruiter_agent] INFO: ✨ Yerli firma İstanbul Tekstil Atölyesi sistemimize katılmak istedi!
[2026-07-20 01:29:21,013] [trm_agents.trm_local_recruiter_agent] INFO: ✅ Yerli partner İstanbul Tekstil Atölyesi başarıyla sisteme eklendi!
[2026-07-20 01:29:21,013] [trm_agents.trm_local_recruiter_agent] INFO: 🔍 Konya piyasasında yerli firmalar taranıyor...
[2026-07-20 01:29:21,013] [trm_agents.trm_local_recruiter_agent] INFO: 🎯 4 yerli firma bulundu!
[2026-07-20 01:29:21,013] [trm_agents.trm_local_recruiter_agent] INFO: 🔍 Gaziantep piyasasında yerli firmalar taranıyor...
[2026-07-20 01:29:21,013] [trm_agents.trm_local_recruiter_agent] INFO: 🎯 4 yerli firma bulundu!
[2026-07-20 01:29:21,013] [trm_agents.trm_local_recruiter_agent] INFO: 🔍 Şanlıurfa piyasasında yerli firmalar taranıyor...
[2026-07-20 01:29:21,013] [trm_agents.trm_local_recruiter_agent] INFO: 🎯 4 yerli firma bulundu!
[2026-07-20 01:29:21,013] [trm_agents.trm_local_recruiter_agent] INFO: 🔍 Mersin piyasasında yerli firmalar taranıyor...
[2026-07-20 01:29:21,013] [trm_agents.trm_local_recruiter_agent] INFO: 🎯 4 yerli firma bulundu!
[2026-07-20 01:29:21,013] [trm_agents.trm_local_recruiter_agent] INFO: ✅ Agent TRM_Local_Recruiter taramasını tamamladı.
[2026-07-20 01:29:21,018] [MASTER_CONTROLLER] INFO: ✅ 'TRMLocalRecruiterAgent' başarıyla tetiklendi.
[2026-07-20 01:29:21,020] [MASTER_CONTROLLER] INFO: Karargah aktif! 11/165 ajan fiilen çalışıyor.
[2026-07-20 01:29:21,020] [MASTER_CONTROLLER] WARNING: ⚠️ Hedeflenen 165 ajanın 154 tanesi için henüz trm_agents paketinde kod yok. Bu ajanlar 'çalışıyor' olarak raporlanmıyor çünkü fiilen mevcut değiller.
[2026-07-20 01:29:21,020] [MASTER_CONTROLLER] INFO: Sistem durum raporu oluşturuldu: ./reports\system_status.json
[2026-07-23 14:08:52,086] [Sosyal_Medya_Uploader] INFO: ✅ global_config.json başarıyla yüklendi
[2026-07-23 14:08:52,086] [Sosyal_Medya_Uploader] INFO: 🚀 Sosyal_Medya_Uploader başlatılıyor...
[2026-07-23 14:08:52,086] [Sosyal_Medya_Uploader] INFO: 📁 Agent ID: None
[2026-07-23 14:08:52,086] [Sosyal_Medya_Uploader] WARNING: ⚠️ youtube_api_key için API anahtarı eksik
[2026-07-23 14:08:52,086] [Sosyal_Medya_Uploader] WARNING: ⚠️ tiktok_api_key için API anahtarı eksik
[2026-07-23 14:08:52,086] [Sosyal_Medya_Uploader] WARNING: ⚠️ instagram_access_token için API anahtarı eksik
[2026-07-23 14:08:52,086] [Sosyal_Medya_Uploader] WARNING: ⚠️ twitter_api_key için API anahtarı eksik
[2026-07-23 14:08:52,086] [Sosyal_Medya_Uploader] WARNING: ⚠️ twitter_api_secret için API anahtarı eksik
[2026-07-23 14:08:52,086] [Sosyal_Medya_Uploader] INFO: 📊 Platform durumu: {'youtube_api_key': False, 'tiktok_api_key': False, 'instagram_access_token': False, 'twitter_api_key': False, 'twitter_api_secret': False}
[2026-07-23 14:08:52,086] [Sosyal_Medya_Uploader] INFO: 📁 Varsayılan video: content/videos/default_video.mp4
[2026-07-23 14:08:52,086] [Sosyal_Medya_Uploader] INFO: 🌐 Varsayılan dil: tr
[2026-07-23 14:08:52,086] [Sosyal_Medya_Uploader] INFO: 💓 Heartbeat thread başlatıldı
[2026-07-23 14:08:52,086] [MASTER_CONTROLLER] INFO: ✅ 'SocialUploaderAgent' (trm_agents.social_uploader_agent) initialize edildi.
[2026-07-23 14:08:52,086] [MASTER_CONTROLLER] INFO: ✅ 'TRMAccountingAgent' (trm_agents.trm_accounting_agent) initialize edildi.
[2026-07-23 14:08:52,086] [MASTER_CONTROLLER] INFO: ✅ 'TRMGatekeeperAgent' (trm_agents.trm_gatekeeper_agent) initialize edildi.
[2026-07-23 14:08:52,086] [MASTER_CONTROLLER] INFO: ✅ 'TRMLocalRecruiterAgent' (trm_agents.trm_local_recruiter_agent) initialize edildi.
[2026-07-23 14:08:52,086] [MASTER_CONTROLLER] INFO: Otonom servisler sırayla devreye alınıyor...
[2026-07-23 14:08:52,086] [ContentCreator] INFO: 🔄 İçerik üretimi başlatılıyor...
[2026-07-23 14:08:52,086] [ContentCreator] INFO: 🎯 Varsayılan konu: {}
[2026-07-23 14:08:52,086] [ContentCreator] INFO: 🤖 İçerik üretiliyor: {}
[2026-07-23 14:08:54,092] [ContentCreator] INFO: 📤 İçerik YouTube_Shorts'a gönderiliyor...
[2026-07-23 14:08:54,593] [ContentCreator] INFO: 📤 İçerik TikTok'a gönderiliyor...
[2026-07-23 14:08:55,094] [ContentCreator] INFO: 📤 İçerik Instagram_Reels'a gönderiliyor...
[2026-07-23 14:08:55,596] [ContentCreator] INFO: ✅ İçerik üretildi ve 3 platforma gönderildi
[2026-07-23 14:08:55,596] [MASTER_CONTROLLER] INFO: ✅ 'ContentCreatorAgent' başarıyla tetiklendi.
[2026-07-23 14:08:55,621] [utils.config_loader] INFO: Config yüklendi: C:\Users\Habitat\Desktop\SOSYAL _İMECE\config\global_config.json, max ajan sayısı: 165
[2026-07-23 14:08:55,621] [MASTER_CONTROLLER] INFO: ✅ 'FinansAgent' başarıyla tetiklendi.
[2026-07-23 14:08:55,634] [trm_agents.global_affiliate_recruiter_agent] INFO: 🚀 Agent TRM_GLOBAL_AFFILIATE_RECRUITER (#162) starting...
[2026-07-23 14:08:55,634] [trm_agents.global_affiliate_recruiter_agent] INFO: 🔍 Scanning TR market for potential affiliate partners...
[2026-07-23 14:08:55,634] [trm_agents.global_affiliate_recruiter_agent] INFO: 🎯 Found 5 potential partners!
[2026-07-23 14:08:55,634] [trm_agents.global_affiliate_recruiter_agent] INFO: ✨ Partner Turkish Trend Shop showed interest!
[2026-07-23 14:08:55,637] [trm_agents.global_affiliate_recruiter_agent] INFO: ✅ New partner Turkish Trend Shop successfully added to system!
[2026-07-23 14:08:55,639] [trm_agents.global_affiliate_recruiter_agent] INFO: 🔍 Scanning US market for potential affiliate partners...
[2026-07-23 14:08:55,639] [trm_agents.global_affiliate_recruiter_agent] INFO: 🎯 Found 5 potential partners!
[2026-07-23 14:08:55,639] [trm_agents.global_affiliate_recruiter_agent] INFO: ✨ Partner Turkish Trend Shop showed interest!
[2026-07-23 14:08:55,651] [trm_agents.global_affiliate_recruiter_agent] INFO: ✅ New partner Turkish Trend Shop successfully added to system!
[2026-07-23 14:08:55,651] [trm_agents.global_affiliate_recruiter_agent] INFO: 🔍 Scanning EU market for potential affiliate partners...
[2026-07-23 14:08:55,651] [trm_agents.global_affiliate_recruiter_agent] INFO: 🎯 Found 5 potential partners!
[2026-07-23 14:08:55,651] [trm_agents.global_affiliate_recruiter_agent] INFO: ✨ Partner Turkish Trend Shop showed interest!
[2026-07-23 14:08:55,666] [trm_agents.global_affiliate_recruiter_agent] INFO: ✅ New partner Turkish Trend Shop successfully added to system!
[2026-07-23 14:08:55,666] [trm_agents.global_affiliate_recruiter_agent] INFO: 🔍 Scanning UK market for potential affiliate partners...
[2026-07-23 14:08:55,666] [trm_agents.global_affiliate_recruiter_agent] INFO: 🎯 Found 5 potential partners!
[2026-07-23 14:08:55,666] [trm_agents.global_affiliate_recruiter_agent] INFO: 🔍 Scanning CA market for potential affiliate partners...
[2026-07-23 14:08:55,671] [trm_agents.global_affiliate_recruiter_agent] INFO: 🎯 Found 5 potential partners!
[2026-07-23 14:08:55,671] [trm_agents.global_affiliate_recruiter_agent] INFO: 🔍 Scanning AU market for potential affiliate partners...
[2026-07-23 14:08:55,671] [trm_agents.global_affiliate_recruiter_agent] INFO: 🎯 Found 5 potential partners!
[2026-07-23 14:08:55,671] [trm_agents.global_affiliate_recruiter_agent] INFO: ✨ Partner Turkish Trend Shop showed interest!
[2026-07-23 14:08:55,683] [trm_agents.global_affiliate_recruiter_agent] INFO: ✅ New partner Turkish Trend Shop successfully added to system!
[2026-07-23 14:08:55,683] [trm_agents.global_affiliate_recruiter_agent] INFO: ✅ Agent TRM_GLOBAL_AFFILIATE_RECRUITER completed scan.
[2026-07-23 14:08:55,683] [MASTER_CONTROLLER] INFO: ✅ 'TRMGlobalAffiliateRecruiterAgent' başarıyla tetiklendi.
[2026-07-23 14:08:55,683] [trm_agents.human_auditor_agent] INFO: 🚀 Agent TRM_HUMAN_AUDITOR (#163) starting...
[2026-07-23 14:08:55,683] [trm_agents.human_auditor_agent] INFO: 🎙️ Sesli mülakat başlatılıyor: Ahmet Yılmaz
[2026-07-23 14:08:55,693] [trm_agents.human_auditor_agent] INFO: 📋 Anaç ve şefkatli mülakat soruları oluşturuldu: 5 soru
[2026-07-23 14:08:55,693] [trm_agents.human_auditor_agent] INFO: 🚀 Starting audit process for Ahmet Yılmaz...
[2026-07-23 14:08:55,693] [trm_agents.human_auditor_agent] INFO: 🔍 Analyzing applicant psychology using simulated NLP...
[2026-07-23 14:08:55,693] [trm_agents.human_auditor_agent] INFO: ✅ Psychology analysis complete! Decision: APPROVED, Overall Score: 98.8
[2026-07-23 14:08:55,695] [trm_agents.human_auditor_agent] INFO: ✅ Audit saved to local database.
[2026-07-23 14:08:55,695] [trm_agents.human_auditor_agent] INFO: 📤 (Simulated) Saving audit to Google Drive spreadsheet: Müracaat_Degerlendirme
[2026-07-23 14:08:55,695] [trm_agents.human_auditor_agent] INFO: ✅ Agent TRM_HUMAN_AUDITOR completed simulated audit with motherly warmth.
[2026-07-23 14:08:55,699] [MASTER_CONTROLLER] INFO: ✅ 'TRMHumanAuditorAgent' başarıyla tetiklendi.
[2026-07-23 14:08:55,701] [utils.config_loader] INFO: Config yüklendi: C:\Users\Habitat\Desktop\SOSYAL _İMECE\config\global_config.json, max ajan sayısı: 165
[2026-07-23 14:08:55,732] [MASTER_CONTROLLER] INFO: ✅ 'IcerikAgent' başarıyla tetiklendi.
[2026-07-23 14:08:55,750] [MyNewAgent] INFO: 🔄 Çalıştırılıyor...
[2026-07-23 14:08:55,750] [MASTER_CONTROLLER] INFO: ✅ 'MyNewAgent' başarıyla tetiklendi.
[2026-07-23 14:08:55,762] [utils.config_loader] INFO: Config yüklendi: C:\Users\Habitat\Desktop\SOSYAL _İMECE\config\global_config.json, max ajan sayısı: 165
[2026-07-23 14:08:55,841] [MASTER_CONTROLLER] INFO: ✅ 'SeoAgent' başarıyla tetiklendi.
[2026-07-23 14:08:55,856] [Sosyal_Medya_Uploader] INFO: 🔄 Sosyal medya dağıtımı başlatılıyor...
[2026-07-23 14:08:55,860] [Sosyal_Medya_Uploader] INFO: 📁 Varsayılan video path: C:\Users\Habitat\Desktop\SOSYAL _İMECE\content/videos/default_video.mp4
[2026-07-23 14:08:55,860] [Sosyal_Medya_Uploader] INFO: 🌐 Varsayılan dil: tr
[2026-07-23 14:08:55,861] [Sosyal_Medya_Uploader] ERROR: ❌ Video dosyası bulunamadı: C:\Users\Habitat\Desktop\SOSYAL _İMECE\content/videos/default_video.mp4
[2026-07-23 14:08:55,862] [Sosyal_Medya_Uploader] WARNING: ⚠️ Yedek video da bulunamadı, simülasyon devam ediyor
[2026-07-23 14:08:55,862] [Sosyal_Medya_Uploader] WARNING: ⚠️ YouTube_Shorts için API anahtarı eksik, simülasyon modunda
[2026-07-23 14:08:55,862] [Sosyal_Medya_Uploader] INFO: 📤 Simülasyon: C:\Users\Habitat\Desktop\SOSYAL _İMECE\content/videos/default_video.mp4 → YouTube_Shorts (tr)
[2026-07-23 14:08:55,862] [Sosyal_Medya_Uploader] WARNING: ⚠️ TikTok için API anahtarı eksik, simülasyon modunda
[2026-07-23 14:08:55,863] [Sosyal_Medya_Uploader] INFO: 📤 Simülasyon: C:\Users\Habitat\Desktop\SOSYAL _İMECE\content/videos/default_video.mp4 → TikTok (tr)
[2026-07-23 14:08:55,863] [Sosyal_Medya_Uploader] WARNING: ⚠️ Instagram_Reels için API anahtarı eksik, simülasyon modunda
[2026-07-23 14:08:55,864] [Sosyal_Medya_Uploader] INFO: 📤 Simülasyon: C:\Users\Habitat\Desktop\SOSYAL _İMECE\content/videos/default_video.mp4 → Instagram_Reels (tr)
[2026-07-23 14:08:55,864] [Sosyal_Medya_Uploader] INFO: ✅ Dağıtım tamamlandı. 3 platform işlendi.
[2026-07-23 14:08:55,864] [MASTER_CONTROLLER] INFO: ✅ 'SocialUploaderAgent' başarıyla tetiklendi.
[2026-07-23 14:08:55,875] [MASTER_CONTROLLER] INFO: ✅ 'TRMAccountingAgent' başarıyla tetiklendi.
[2026-07-23 14:08:55,913] [MASTER_CONTROLLER] INFO: ✅ 'TRMGatekeeperAgent' başarıyla tetiklendi.
[2026-07-23 14:08:55,918] [trm_agents.trm_local_recruiter_agent] INFO: 🚀 Agent TRM_Local_Recruiter (#164) başlatılıyor...
[2026-07-23 14:08:55,918] [trm_agents.trm_local_recruiter_agent] INFO: 🔍 İstanbul piyasasında yerli firmalar taranıyor...
[2026-07-23 14:08:55,918] [trm_agents.trm_local_recruiter_agent] INFO: 🎯 4 yerli firma bulundu!
[2026-07-23 14:08:55,918] [trm_agents.trm_local_recruiter_agent] INFO: 🔍 Ankara piyasasında yerli firmalar taranıyor...
[2026-07-23 14:08:55,918] [trm_agents.trm_local_recruiter_agent] INFO: 🎯 4 yerli firma bulundu!
[2026-07-23 14:08:55,918] [trm_agents.trm_local_recruiter_agent] INFO: 🔍 İzmir piyasasında yerli firmalar taranıyor...
[2026-07-23 14:08:55,918] [trm_agents.trm_local_recruiter_agent] INFO: 🎯 4 yerli firma bulundu!
[2026-07-23 14:08:55,918] [trm_agents.trm_local_recruiter_agent] INFO: ✨ Yerli firma Ankara El Sanatları Dükkanı sistemimize katılmak istedi!
[2026-07-23 14:08:55,918] [trm_agents.trm_local_recruiter_agent] INFO: ✅ Yerli partner Ankara El Sanatları Dükkanı başarıyla sisteme eklendi!
[2026-07-23 14:08:55,918] [trm_agents.trm_local_recruiter_agent] INFO: 🔍 Bursa piyasasında yerli firmalar taranıyor...
[2026-07-23 14:08:55,918] [trm_agents.trm_local_recruiter_agent] INFO: 🎯 4 yerli firma bulundu!
[2026-07-23 14:08:55,924] [trm_agents.trm_local_recruiter_agent] INFO: 🔍 Antalya piyasasında yerli firmalar taranıyor...
[2026-07-23 14:08:55,924] [trm_agents.trm_local_recruiter_agent] INFO: 🎯 4 yerli firma bulundu!
[2026-07-23 14:08:55,924] [trm_agents.trm_local_recruiter_agent] INFO: 🔍 Adana piyasasında yerli firmalar taranıyor...
[2026-07-23 14:08:55,925] [trm_agents.trm_local_recruiter_agent] INFO: 🎯 4 yerli firma bulundu!
[2026-07-23 14:08:55,925] [trm_agents.trm_local_recruiter_agent] INFO: 🔍 Konya piyasasında yerli firmalar taranıyor...
[2026-07-23 14:08:55,925] [trm_agents.trm_local_recruiter_agent] INFO: 🎯 4 yerli firma bulundu!
[2026-07-23 14:08:55,925] [trm_agents.trm_local_recruiter_agent] INFO: 🔍 Gaziantep piyasasında yerli firmalar taranıyor...
[2026-07-23 14:08:55,925] [trm_agents.trm_local_recruiter_agent] INFO: 🎯 4 yerli firma bulundu!
[2026-07-23 14:08:55,925] [trm_agents.trm_local_recruiter_agent] INFO: 🔍 Şanlıurfa piyasasında yerli firmalar taranıyor...
[2026-07-23 14:08:55,925] [trm_agents.trm_local_recruiter_agent] INFO: 🎯 4 yerli firma bulundu!
[2026-07-23 14:08:55,925] [trm_agents.trm_local_recruiter_agent] INFO: 🔍 Mersin piyasasında yerli firmalar taranıyor...
[2026-07-23 14:08:55,925] [trm_agents.trm_local_recruiter_agent] INFO: 🎯 4 yerli firma bulundu!
[2026-07-23 14:08:55,925] [trm_agents.trm_local_recruiter_agent] INFO: ✅ Agent TRM_Local_Recruiter taramasını tamamladı.
[2026-07-23 14:08:55,925] [MASTER_CONTROLLER] INFO: ✅ 'TRMLocalRecruiterAgent' başarıyla tetiklendi.
[2026-07-23 14:08:55,933] [MASTER_CONTROLLER] INFO: Karargah aktif! 11/165 ajan fiilen çalışıyor.
[2026-07-23 14:08:55,933] [MASTER_CONTROLLER] WARNING: ⚠️ Hedeflenen 165 ajanın 154 tanesi için henüz trm_agents paketinde kod yok. Bu ajanlar 'çalışıyor' olarak raporlanmıyor çünkü fiilen mevcut değiller.
[2026-07-23 14:08:55,933] [MASTER_CONTROLLER] INFO: Sistem durum raporu oluşturuldu: ./reports\system_status.json
[2026-07-25 16:54:49,757] [Sosyal_Medya_Uploader] INFO: ✅ global_config.json başarıyla yüklendi
[2026-07-25 16:54:49,759] [Sosyal_Medya_Uploader] INFO: 🚀 Sosyal_Medya_Uploader başlatılıyor...
[2026-07-25 16:54:49,759] [Sosyal_Medya_Uploader] INFO: 📁 Agent ID: None
[2026-07-25 16:54:49,759] [Sosyal_Medya_Uploader] WARNING: ⚠️ youtube_api_key için API anahtarı eksik
[2026-07-25 16:54:49,759] [Sosyal_Medya_Uploader] WARNING: ⚠️ tiktok_api_key için API anahtarı eksik
[2026-07-25 16:54:49,759] [Sosyal_Medya_Uploader] WARNING: ⚠️ instagram_access_token için API anahtarı eksik
[2026-07-25 16:54:49,759] [Sosyal_Medya_Uploader] WARNING: ⚠️ twitter_api_key için API anahtarı eksik
[2026-07-25 16:54:49,759] [Sosyal_Medya_Uploader] WARNING: ⚠️ twitter_api_secret için API anahtarı eksik
[2026-07-25 16:54:49,759] [Sosyal_Medya_Uploader] INFO: 📊 Platform durumu: {'youtube_api_key': False, 'tiktok_api_key': False, 'instagram_access_token': False, 'twitter_api_key': False, 'twitter_api_secret': False}
[2026-07-25 16:54:49,760] [Sosyal_Medya_Uploader] INFO: 📁 Varsayılan video: content/videos/default_video.mp4
[2026-07-25 16:54:49,760] [Sosyal_Medya_Uploader] INFO: 🌐 Varsayılan dil: tr
[2026-07-25 16:54:49,760] [Sosyal_Medya_Uploader] INFO: 💓 Heartbeat thread başlatıldı
[2026-07-25 16:54:49,760] [MASTER_CONTROLLER] INFO: ✅ 'SocialUploaderAgent' (trm_agents.social_uploader_agent) initialize edildi.
[2026-07-25 16:54:49,760] [utils.config_loader] INFO: Config yüklendi: C:\Users\Habitat\Desktop\SOSYAL _İMECE\config\global_config.json, max ajan sayısı: 165
[2026-07-25 16:54:49,760] [StorytellerAgent-204] INFO: 📖 StorytellerAgent-204 başlatılıyor...
[2026-07-25 16:54:49,760] [StorytellerAgent-204] INFO: 📚 Hikaye veritabanı yüklendi: 3 hikaye
[2026-07-25 16:54:49,760] [StorytellerAgent-204] INFO: 💬 Merhamet dili şablonları yüklendi: 4 şablon
[2026-07-25 16:54:49,760] [MASTER_CONTROLLER] INFO: ✅ 'StorytellerAgent' (trm_agents.storyteller_agent) initialize edildi.
[2026-07-25 16:54:49,760] [utils.config_loader] INFO: Config yüklendi: C:\Users\Habitat\Desktop\SOSYAL _İMECE\config\global_config.json, max ajan sayısı: 165
[2026-07-25 16:54:49,760] [TransparencyBroadcasterAgent-206] INFO: 📢 TransparencyBroadcasterAgent-206 başlatılıyor...
[2026-07-25 16:54:49,760] [TransparencyBroadcasterAgent-206] INFO: 💰 Bütçe verileri yüklendi: 8 kategori
[2026-07-25 16:54:49,760] [TransparencyBroadcasterAgent-206] INFO: 🎓 Burs dağıtım listesi yüklendi: 3 kayıt
[2026-07-25 16:54:49,760] [TransparencyBroadcasterAgent-206] INFO: 🌐 Yayın platformları yüklendi: 4 platform
[2026-07-25 16:54:49,760] [MASTER_CONTROLLER] INFO: ✅ 'TransparencyBroadcasterAgent' (trm_agents.transparency_broadcaster_agent) initialize edildi.
[2026-07-25 16:54:49,765] [MASTER_CONTROLLER] INFO: ✅ 'TRMAccountingAgent' (trm_agents.trm_accounting_agent) initialize edildi.
[2026-07-25 16:54:49,765] [MASTER_CONTROLLER] INFO: ✅ 'TRMGatekeeperAgent' (trm_agents.trm_gatekeeper_agent) initialize edildi.
[2026-07-25 16:54:49,765] [MASTER_CONTROLLER] INFO: ✅ 'TRMLocalRecruiterAgent' (trm_agents.trm_local_recruiter_agent) initialize edildi.
[2026-07-25 16:54:49,765] [MASTER_CONTROLLER] INFO: Otonom servisler sırayla devreye alınıyor...
[2026-07-25 16:54:49,765] [ContentCreator] INFO: 🔄 İçerik üretimi başlatılıyor...
[2026-07-25 16:54:49,765] [ContentCreator] INFO: 🎯 Varsayılan konu: {}
[2026-07-25 16:54:49,765] [ContentCreator] INFO: 🤖 İçerik üretiliyor: {}
[2026-07-25 16:54:51,766] [ContentCreator] INFO: 📤 İçerik YouTube_Shorts'a gönderiliyor...
[2026-07-25 16:54:52,268] [ContentCreator] INFO: 📤 İçerik TikTok'a gönderiliyor...
[2026-07-25 16:54:52,768] [ContentCreator] INFO: 📤 İçerik Instagram_Reels'a gönderiliyor...
[2026-07-25 16:54:53,269] [ContentCreator] INFO: ✅ İçerik üretildi ve 3 platforma gönderildi
[2026-07-25 16:54:53,269] [MASTER_CONTROLLER] INFO: ✅ 'ContentCreatorAgent' başarıyla tetiklendi.
[2026-07-25 16:54:53,303] [utils.config_loader] INFO: Config yüklendi: C:\Users\Habitat\Desktop\SOSYAL _İMECE\config\global_config.json, max ajan sayısı: 165
[2026-07-25 16:54:53,305] [FactCheckerAgent-202] INFO: 🔍 FactCheckerAgent-202 çalışmaya başladı
[2026-07-25 16:54:53,305] [FactCheckerAgent-202] WARNING: ❌ Asılsız iddia tespit edildi: Sosyal İmece bir dolandırıcılık şemasıdır...
[2026-07-25 16:54:53,306] [FactCheckerAgent-202] INFO: ✅ Doğru bilgi tespit edildi: UTEYKDER resmi bir dernektir...
[2026-07-25 16:54:53,306] [FactCheckerAgent-202] WARNING: ❌ Asılsız iddia tespit edildi: İnsanlardan para zorla alıyorlar...
[2026-07-25 16:54:53,308] [FactCheckerAgent-202] INFO: 📊 Doğrulama raporu oluşturuldu: reports\fact_checker_rapor_202_20260725_165453.json
[2026-07-25 16:54:53,308] [FactCheckerAgent-202] INFO: ✅ 4 iddia kontrol edildi ve raporlandı
[2026-07-25 16:54:53,309] [FactCheckerAgent-202] INFO: ⚡ CPU Yükü: 32%, API Gecikme: 122ms
[2026-07-25 16:54:53,309] [MASTER_CONTROLLER] INFO: ✅ 'FactCheckerAgent' başarıyla tetiklendi.
[2026-07-25 16:54:53,309] [utils.config_loader] INFO: Config yüklendi: C:\Users\Habitat\Desktop\SOSYAL _İMECE\config\global_config.json, max ajan sayısı: 165
[2026-07-25 16:54:53,309] [MASTER_CONTROLLER] INFO: ✅ 'FinansAgent' başarıyla tetiklendi.
[2026-07-25 16:54:53,322] [trm_agents.global_affiliate_recruiter_agent] INFO: 🚀 Agent TRM_GLOBAL_AFFILIATE_RECRUITER (#162) starting...
[2026-07-25 16:54:53,322] [trm_agents.global_affiliate_recruiter_agent] INFO: 🔍 Scanning TR market for potential affiliate partners...
[2026-07-25 16:54:53,324] [trm_agents.global_affiliate_recruiter_agent] INFO: 🎯 Found 5 potential partners!
[2026-07-25 16:54:53,324] [trm_agents.global_affiliate_recruiter_agent] INFO: 🔍 Scanning US market for potential affiliate partners...
[2026-07-25 16:54:53,324] [trm_agents.global_affiliate_recruiter_agent] INFO: 🎯 Found 5 potential partners!
[2026-07-25 16:54:53,324] [trm_agents.global_affiliate_recruiter_agent] INFO: 🔍 Scanning EU market for potential affiliate partners...
[2026-07-25 16:54:53,324] [trm_agents.global_affiliate_recruiter_agent] INFO: 🎯 Found 5 potential partners!
[2026-07-25 16:54:53,324] [trm_agents.global_affiliate_recruiter_agent] INFO: ✨ Partner Turkish Trend Shop showed interest!
[2026-07-25 16:54:53,333] [trm_agents.global_affiliate_recruiter_agent] INFO: ✅ New partner Turkish Trend Shop successfully added to system!
[2026-07-25 16:54:53,336] [trm_agents.global_affiliate_recruiter_agent] INFO: 🔍 Scanning UK market for potential affiliate partners...
[2026-07-25 16:54:53,336] [trm_agents.global_affiliate_recruiter_agent] INFO: 🎯 Found 5 potential partners!
[2026-07-25 16:54:53,336] [trm_agents.global_affiliate_recruiter_agent] INFO: 🔍 Scanning CA market for potential affiliate partners...
[2026-07-25 16:54:53,336] [trm_agents.global_affiliate_recruiter_agent] INFO: 🎯 Found 5 potential partners!
[2026-07-25 16:54:53,336] [trm_agents.global_affiliate_recruiter_agent] INFO: 🔍 Scanning AU market for potential affiliate partners...
[2026-07-25 16:54:53,336] [trm_agents.global_affiliate_recruiter_agent] INFO: 🎯 Found 5 potential partners!
[2026-07-25 16:54:53,336] [trm_agents.global_affiliate_recruiter_agent] INFO: ✨ Partner Istanbul Commerce Collective showed interest!
[2026-07-25 16:54:53,348] [trm_agents.global_affiliate_recruiter_agent] INFO: ✅ New partner Istanbul Commerce Collective successfully added to system!
[2026-07-25 16:54:53,348] [trm_agents.global_affiliate_recruiter_agent] INFO: ✅ Agent TRM_GLOBAL_AFFILIATE_RECRUITER completed scan.
[2026-07-25 16:54:53,348] [MASTER_CONTROLLER] INFO: ✅ 'TRMGlobalAffiliateRecruiterAgent' başarıyla tetiklendi.
[2026-07-25 16:54:53,357] [trm_agents.human_auditor_agent] INFO: 🚀 Agent TRM_HUMAN_AUDITOR (#163) starting...
[2026-07-25 16:54:53,357] [trm_agents.human_auditor_agent] INFO: 🎙️ Sesli mülakat başlatılıyor: Ahmet Yılmaz
[2026-07-25 16:54:53,357] [trm_agents.human_auditor_agent] INFO: 📋 Anaç ve şefkatli mülakat soruları oluşturuldu: 5 soru
[2026-07-25 16:54:53,357] [trm_agents.human_auditor_agent] INFO: 🚀 Starting audit process for Ahmet Yılmaz...
[2026-07-25 16:54:53,357] [trm_agents.human_auditor_agent] INFO: 🔍 Analyzing applicant psychology using simulated NLP...
[2026-07-25 16:54:53,358] [trm_agents.human_auditor_agent] INFO: ✅ Psychology analysis complete! Decision: APPROVED, Overall Score: 99.35
[2026-07-25 16:54:53,378] [trm_agents.human_auditor_agent] INFO: ✅ Audit saved to local database.
[2026-07-25 16:54:53,378] [trm_agents.human_auditor_agent] INFO: 📤 (Simulated) Saving audit to Google Drive spreadsheet: Müracaat_Degerlendirme
[2026-07-25 16:54:53,378] [trm_agents.human_auditor_agent] INFO: ✅ Agent TRM_HUMAN_AUDITOR completed simulated audit with motherly warmth.
[2026-07-25 16:54:53,378] [MASTER_CONTROLLER] INFO: ✅ 'TRMHumanAuditorAgent' başarıyla tetiklendi.
[2026-07-25 16:54:53,386] [utils.config_loader] INFO: Config yüklendi: C:\Users\Habitat\Desktop\SOSYAL _İMECE\config\global_config.json, max ajan sayısı: 165
[2026-07-25 16:54:53,422] [MASTER_CONTROLLER] INFO: ✅ 'IcerikAgent' başarıyla tetiklendi.
[2026-07-25 16:54:53,427] [utils.config_loader] INFO: Config yüklendi: C:\Users\Habitat\Desktop\SOSYAL _İMECE\config\global_config.json, max ajan sayısı: 165
[2026-07-25 16:54:53,427] [LegalShieldAgent-203] INFO: ⚖️ LegalShieldAgent-203 çalışmaya başladı
[2026-07-25 16:54:53,427] [LegalShieldAgent-203] WARNING: ⚠️ Hukuki sınır aşımı tespit edildi: dolandırıcılık
[2026-07-25 16:54:53,436] [LegalShieldAgent-203] INFO: 📜 Yasal uyarı hazırlandı: anonim_kullanici1 (twitter)
[2026-07-25 16:54:53,436] [LegalShieldAgent-203] INFO: 📁 Delil dosyası hazırlandı: DELIL-203-20260725165453
[2026-07-25 16:54:53,438] [LegalShieldAgent-203] INFO: 📊 Hukuki rapor oluşturuldu: reports\legal_shield_rapor_203_20260725_165453.json
[2026-07-25 16:54:53,439] [LegalShieldAgent-203] INFO: ✅ 1 yasal uyarı ve 1 delil dosyası hazırlandı
[2026-07-25 16:54:53,439] [LegalShieldAgent-203] INFO: ⚡ CPU Yükü: 30%, API Gecikme: 112ms
[2026-07-25 16:54:53,440] [MASTER_CONTROLLER] INFO: ✅ 'LegalShieldAgent' başarıyla tetiklendi.
[2026-07-25 16:54:53,446] [MyNewAgent] INFO: 🔄 Çalıştırılıyor...
[2026-07-25 16:54:53,446] [MASTER_CONTROLLER] INFO: ✅ 'MyNewAgent' başarıyla tetiklendi.
[2026-07-25 16:54:53,453] [utils.config_loader] INFO: Config yüklendi: C:\Users\Habitat\Desktop\SOSYAL _İMECE\config\global_config.json, max ajan sayısı: 165
[2026-07-25 16:54:53,453] [PublicBenefitAnalystAgent-205] INFO: 📊 PublicBenefitAnalystAgent-205 çalışmaya başladı
[2026-07-25 16:54:53,453] [PublicBenefitAnalystAgent-205] INFO: 💰 Ekonomik analiz tamamlandı: Kar Marjı %64.0
[2026-07-25 16:54:53,453] [PublicBenefitAnalystAgent-205] INFO: 👥 Toplumsal analiz tamamlandı: 1250 kişi faydalandı
[2026-07-25 16:54:53,455] [PublicBenefitAnalystAgent-205] INFO: 📈 Etki analizi tamamlandı: Etki Skoru 100
[2026-07-25 16:54:53,455] [PublicBenefitAnalystAgent-205] INFO: 💰 Ekonomik analiz tamamlandı: Kar Marjı %64.0
[2026-07-25 16:54:53,455] [PublicBenefitAnalystAgent-205] INFO: 👥 Toplumsal analiz tamamlandı: 1250 kişi faydalandı
[2026-07-25 16:54:53,455] [PublicBenefitAnalystAgent-205] INFO: 📈 Etki analizi tamamlandı: Etki Skoru 100
[2026-07-25 16:54:53,455] [PublicBenefitAnalystAgent-205] INFO: 📋 Kamuoyu raporu hazırlandı
[2026-07-25 16:54:53,456] [PublicBenefitAnalystAgent-205] INFO: 💾 Rapor kaydedildi: reports\public_benefit_rapor_205_20260725_165453.json
[2026-07-25 16:54:53,457] [PublicBenefitAnalystAgent-205] INFO: ✅ Etki analizi ve kamuoyu raporu tamamlandı
[2026-07-25 16:54:53,457] [PublicBenefitAnalystAgent-205] INFO: 📈 Etki Skoru: 100
[2026-07-25 16:54:53,457] [PublicBenefitAnalystAgent-205] INFO: ⚡ CPU Yükü: 22%, API Gecikme: 95ms
[2026-07-25 16:54:53,457] [MASTER_CONTROLLER] INFO: ✅ 'PublicBenefitAnalystAgent' başarıyla tetiklendi.
[2026-07-25 16:54:53,463] [utils.config_loader] INFO: Config yüklendi: C:\Users\Habitat\Desktop\SOSYAL _İMECE\config\global_config.json, max ajan sayısı: 165
[2026-07-25 16:54:53,463] [SentinelGuardAgent-201] INFO: 🛡️ SentinelGuardAgent-201 çalışmaya başladı
[2026-07-25 16:54:53,463] [SentinelGuardAgent-201] WARNING: ⚠️ twitter'da tehdit tespit edildi: dolandırıcılık
[2026-07-25 16:54:53,463] [SentinelGuardAgent-201] WARNING: ⚠️ twitter'da tehdit tespit edildi: sahte
[2026-07-25 16:54:53,463] [SentinelGuardAgent-201] WARNING: ⚠️ twitter'da tehdit tespit edildi: kandırma
[2026-07-25 16:54:53,463] [SentinelGuardAgent-201] WARNING: ⚠️ facebook'da tehdit tespit edildi: dolandırıcılık
[2026-07-25 16:54:53,465] [SentinelGuardAgent-201] WARNING: ⚠️ facebook'da tehdit tespit edildi: sahte
[2026-07-25 16:54:53,465] [SentinelGuardAgent-201] WARNING: ⚠️ facebook'da tehdit tespit edildi: kandırma
[2026-07-25 16:54:53,465] [SentinelGuardAgent-201] WARNING: ⚠️ instagram'da tehdit tespit edildi: dolandırıcılık
[2026-07-25 16:54:53,466] [SentinelGuardAgent-201] WARNING: ⚠️ instagram'da tehdit tespit edildi: sahte
[2026-07-25 16:54:53,466] [SentinelGuardAgent-201] WARNING: ⚠️ telegram'da tehdit tespit edildi: dolandırıcılık
[2026-07-25 16:54:53,466] [SentinelGuardAgent-201] WARNING: ⚠️ telegram'da tehdit tespit edildi: sahte
[2026-07-25 16:54:53,466] [SentinelGuardAgent-201] INFO: 🔍 Tehdit analiz edildi: Resmi açıklama ve hukuki uyarı gönderme
[2026-07-25 16:54:53,466] [SentinelGuardAgent-201] INFO: 🔍 Tehdit analiz edildi: Resmi açıklama ve hukuki uyarı gönderme
[2026-07-25 16:54:53,466] [SentinelGuardAgent-201] INFO: 🔍 Tehdit analiz edildi: İçerik raporlama ve platform bildirimi
[2026-07-25 16:54:53,466] [SentinelGuardAgent-201] INFO: 🔍 Tehdit analiz edildi: İzleme ve takip etme
[2026-07-25 16:54:53,466] [SentinelGuardAgent-201] INFO: 🔍 Tehdit analiz edildi: İzleme ve takip etme
[2026-07-25 16:54:53,466] [SentinelGuardAgent-201] INFO: 🔍 Tehdit analiz edildi: İçerik raporlama ve platform bildirimi
[2026-07-25 16:54:53,466] [SentinelGuardAgent-201] INFO: 🔍 Tehdit analiz edildi: Acil yasal müdahale ve hukuki süreç başlatma
[2026-07-25 16:54:53,466] [SentinelGuardAgent-201] INFO: 🔍 Tehdit analiz edildi: İzleme ve takip etme
[2026-07-25 16:54:53,466] [SentinelGuardAgent-201] INFO: 🔍 Tehdit analiz edildi: İzleme ve takip etme
[2026-07-25 16:54:53,466] [SentinelGuardAgent-201] INFO: 🔍 Tehdit analiz edildi: Acil yasal müdahale ve hukuki süreç başlatma
[2026-07-25 16:54:53,468] [SentinelGuardAgent-201] INFO: 📊 Rapor oluşturuldu: reports\sentinel_guard_rapor_201_20260725_165453.json
[2026-07-25 16:54:53,468] [SentinelGuardAgent-201] INFO: ✅ 10 tehdit tespit edildi ve raporlandı
[2026-07-25 16:54:53,468] [SentinelGuardAgent-201] INFO: ⚡ CPU Yükü: 65%, API Gecikme: 180ms
[2026-07-25 16:54:53,468] [MASTER_CONTROLLER] INFO: ✅ 'SentinelGuardAgent' başarıyla tetiklendi.
[2026-07-25 16:54:53,475] [utils.config_loader] INFO: Config yüklendi: C:\Users\Habitat\Desktop\SOSYAL _İMECE\config\global_config.json, max ajan sayısı: 165
[2026-07-25 16:54:53,542] [MASTER_CONTROLLER] INFO: ✅ 'SeoAgent' başarıyla tetiklendi.
[2026-07-25 16:54:53,550] [utils.config_loader] INFO: Config yüklendi: C:\Users\Habitat\Desktop\SOSYAL _İMECE\config\global_config.json, max ajan sayısı: 165
[2026-07-25 16:54:53,550] [SocialAccountAutomationAgent-207] INFO: 🔐 SocialAccountAutomationAgent-207 çalışmaya başladı
[2026-07-25 16:54:53,550] [SocialAccountAutomationAgent-207] INFO: ✅ T.C. kimlik ve telefon doğrulaması başarılı: 123***01
[2026-07-25 16:54:53,550] [SocialAccountAutomationAgent-207] INFO: 📄 Sözleşme oluşturuldu: 123***01
[2026-07-25 16:54:53,552] [SocialAccountAutomationAgent-207] INFO: ✅ Sözleşme onaylandı: b39756ac3ec4b81d96395976226b7e88
[2026-07-25 16:54:53,552] [SocialAccountAutomationAgent-207] INFO: 🔓 facebook hesabı açıldı: social_imece_1239ba5da11
[2026-07-25 16:54:53,552] [SocialAccountAutomationAgent-207] WARNING: 🚫 Şifre SAKLANMADI - Sıfır Parola Kuralı korundu
[2026-07-25 16:54:53,552] [SocialAccountAutomationAgent-207] INFO: 📤 Güvenli devir yapıldı: sms
[2026-07-25 16:54:53,553] [SocialAccountAutomationAgent-207] INFO: 🔑 Şifre sms üzerinden kullanıcıya teslim edildi
[2026-07-25 16:54:53,553] [SocialAccountAutomationAgent-207] WARNING: 🗑️ Geçici şifre verileri imha edildi
[2026-07-25 16:54:53,553] [SocialAccountAutomationAgent-207] INFO: 🔓 instagram hesabı açıldı: social_imece_123a64f93d1
[2026-07-25 16:54:53,553] [SocialAccountAutomationAgent-207] WARNING: 🚫 Şifre SAKLANMADI - Sıfır Parola Kuralı korundu
[2026-07-25 16:54:53,553] [SocialAccountAutomationAgent-207] INFO: 📤 Güvenli devir yapıldı: sms
[2026-07-25 16:54:53,553] [SocialAccountAutomationAgent-207] INFO: 🔑 Şifre sms üzerinden kullanıcıya teslim edildi
[2026-07-25 16:54:53,553] [SocialAccountAutomationAgent-207] WARNING: 🗑️ Geçici şifre verileri imha edildi
[2026-07-25 16:54:53,555] [SocialAccountAutomationAgent-207] INFO: 🔓 tiktok hesabı açıldı: social_imece_123fe8ed039
[2026-07-25 16:54:53,555] [SocialAccountAutomationAgent-207] WARNING: 🚫 Şifre SAKLANMADI - Sıfır Parola Kuralı korundu
[2026-07-25 16:54:53,555] [SocialAccountAutomationAgent-207] INFO: 📤 Güvenli devir yapıldı: sms
[2026-07-25 16:54:53,555] [SocialAccountAutomationAgent-207] INFO: 🔑 Şifre sms üzerinden kullanıcıya teslim edildi
[2026-07-25 16:54:53,555] [SocialAccountAutomationAgent-207] WARNING: 🗑️ Geçici şifre verileri imha edildi
[2026-07-25 16:54:53,555] [SocialAccountAutomationAgent-207] INFO: 🔓 telegram hesabı açıldı: social_imece_12336270201
[2026-07-25 16:54:53,555] [SocialAccountAutomationAgent-207] WARNING: 🚫 Şifre SAKLANMADI - Sıfır Parola Kuralı korundu
[2026-07-25 16:54:53,556] [SocialAccountAutomationAgent-207] INFO: 📤 Güvenli devir yapıldı: sms
[2026-07-25 16:54:53,556] [SocialAccountAutomationAgent-207] INFO: 🔑 Şifre sms üzerinden kullanıcıya teslim edildi
[2026-07-25 16:54:53,556] [SocialAccountAutomationAgent-207] WARNING: 🗑️ Geçici şifre verileri imha edildi
[2026-07-25 16:54:53,556] [SocialAccountAutomationAgent-207] INFO: 🔓 youtube hesabı açıldı: social_imece_1230fd82680
[2026-07-25 16:54:53,556] [SocialAccountAutomationAgent-207] WARNING: 🚫 Şifre SAKLANMADI - Sıfır Parola Kuralı korundu
[2026-07-25 16:54:53,556] [SocialAccountAutomationAgent-207] INFO: 📤 Güvenli devir yapıldı: sms
[2026-07-25 16:54:53,556] [SocialAccountAutomationAgent-207] INFO: 🔑 Şifre sms üzerinden kullanıcıya teslim edildi
[2026-07-25 16:54:53,557] [SocialAccountAutomationAgent-207] WARNING: 🗑️ Geçici şifre verileri imha edildi
[2026-07-25 16:54:53,557] [SocialAccountAutomationAgent-207] INFO: 🔓 blog hesabı açıldı: social_imece_1231e23ee9b
[2026-07-25 16:54:53,557] [SocialAccountAutomationAgent-207] WARNING: 🚫 Şifre SAKLANMADI - Sıfır Parola Kuralı korundu
[2026-07-25 16:54:53,557] [SocialAccountAutomationAgent-207] INFO: 📤 Güvenli devir yapıldı: sms
[2026-07-25 16:54:53,557] [SocialAccountAutomationAgent-207] INFO: 🔑 Şifre sms üzerinden kullanıcıya teslim edildi
[2026-07-25 16:54:53,557] [SocialAccountAutomationAgent-207] WARNING: 🗑️ Geçici şifre verileri imha edildi
[2026-07-25 16:54:53,557] [SocialAccountAutomationAgent-207] INFO: ✅ Toplu hesap açılış tamamlandı: 6/6
[2026-07-25 16:54:53,559] [SocialAccountAutomationAgent-207] INFO: 📊 Rapor oluşturuldu: reports\social_account_automation_rapor_207_20260725_165453.json
[2026-07-25 16:54:53,559] [SocialAccountAutomationAgent-207] INFO: ✅ İşlem tamamlandı: 6 hesap açıldı
[2026-07-25 16:54:53,559] [SocialAccountAutomationAgent-207] WARNING: 🚫 SIFIR PAROLA SAKLAMA KURALI BAŞARIYLA UYGULANDI
[2026-07-25 16:54:53,559] [SocialAccountAutomationAgent-207] INFO: ⚡ CPU Yükü: 43%, API Gecikme: 170ms
[2026-07-25 16:54:53,559] [MASTER_CONTROLLER] INFO: ✅ 'SocialAccountAutomationAgent' başarıyla tetiklendi.
[2026-07-25 16:54:53,564] [Sosyal_Medya_Uploader] INFO: 🔄 Sosyal medya dağıtımı başlatılıyor...
[2026-07-25 16:54:53,564] [Sosyal_Medya_Uploader] INFO: 📁 Varsayılan video path: C:\Users\Habitat\Desktop\SOSYAL _İMECE\content/videos/default_video.mp4
[2026-07-25 16:54:53,564] [Sosyal_Medya_Uploader] INFO: 🌐 Varsayılan dil: tr
[2026-07-25 16:54:53,564] [Sosyal_Medya_Uploader] ERROR: ❌ Video dosyası bulunamadı: C:\Users\Habitat\Desktop\SOSYAL _İMECE\content/videos/default_video.mp4
[2026-07-25 16:54:53,564] [Sosyal_Medya_Uploader] WARNING: ⚠️ Yedek video da bulunamadı, simülasyon devam ediyor
[2026-07-25 16:54:53,564] [Sosyal_Medya_Uploader] WARNING: ⚠️ YouTube_Shorts için API anahtarı eksik, simülasyon modunda
[2026-07-25 16:54:53,564] [Sosyal_Medya_Uploader] INFO: 📤 Simülasyon: C:\Users\Habitat\Desktop\SOSYAL _İMECE\content/videos/default_video.mp4 → YouTube_Shorts (tr)
[2026-07-25 16:54:53,564] [Sosyal_Medya_Uploader] WARNING: ⚠️ TikTok için API anahtarı eksik, simülasyon modunda
[2026-07-25 16:54:53,564] [Sosyal_Medya_Uploader] INFO: 📤 Simülasyon: C:\Users\Habitat\Desktop\SOSYAL _İMECE\content/videos/default_video.mp4 → TikTok (tr)
[2026-07-25 16:54:53,564] [Sosyal_Medya_Uploader] WARNING: ⚠️ Instagram_Reels için API anahtarı eksik, simülasyon modunda
[2026-07-25 16:54:53,564] [Sosyal_Medya_Uploader] INFO: 📤 Simülasyon: C:\Users\Habitat\Desktop\SOSYAL _İMECE\content/videos/default_video.mp4 → Instagram_Reels (tr)
[2026-07-25 16:54:53,564] [Sosyal_Medya_Uploader] INFO: ✅ Dağıtım tamamlandı. 3 platform işlendi.
[2026-07-25 16:54:53,564] [MASTER_CONTROLLER] INFO: ✅ 'SocialUploaderAgent' başarıyla tetiklendi.
[2026-07-25 16:54:53,574] [utils.config_loader] INFO: Config yüklendi: C:\Users\Habitat\Desktop\SOSYAL _İMECE\config\global_config.json, max ajan sayısı: 165
[2026-07-25 16:54:53,574] [StorytellerAgent-204] INFO: 📖 StorytellerAgent-204 çalışmaya başladı
[2026-07-25 16:54:53,574] [StorytellerAgent-204] INFO: 📖 Hikaye seçildi: Mehmet Kaya
[2026-07-25 16:54:53,574] [StorytellerAgent-204] INFO: ✍️ Hikaye düzenlendi: twitter (280 karakter)
[2026-07-25 16:54:53,575] [StorytellerAgent-204] INFO: 📢 Hikaye yayınlandı: twitter
[2026-07-25 16:54:53,575] [StorytellerAgent-204] INFO: 📖 Hikaye seçildi: Fatma Demir
[2026-07-25 16:54:53,575] [StorytellerAgent-204] INFO: ✍️ Hikaye düzenlendi: facebook (906 karakter)
[2026-07-25 16:54:53,575] [StorytellerAgent-204] INFO: 📢 Hikaye yayınlandı: facebook
[2026-07-25 16:54:53,575] [StorytellerAgent-204] INFO: 📖 Hikaye seçildi: Mehmet Kaya
[2026-07-25 16:54:53,575] [StorytellerAgent-204] INFO: ✍️ Hikaye düzenlendi: instagram (886 karakter)
[2026-07-25 16:54:53,575] [StorytellerAgent-204] INFO: 📢 Hikaye yayınlandı: instagram
[2026-07-25 16:54:53,575] [StorytellerAgent-204] INFO: 📖 Hikaye seçildi: Mehmet Kaya
[2026-07-25 16:54:53,575] [StorytellerAgent-204] INFO: ✍️ Hikaye düzenlendi: linkedin (884 karakter)
[2026-07-25 16:54:53,575] [StorytellerAgent-204] INFO: 📢 Hikaye yayınlandı: linkedin
[2026-07-25 16:54:53,575] [StorytellerAgent-204] INFO: 📊 Hikaye raporu oluşturuldu: reports\storyteller_rapor_204_20260725_165453.json
[2026-07-25 16:54:53,575] [StorytellerAgent-204] INFO: ✅ 4 hikaye yayınlandı ve raporlandı
[2026-07-25 16:54:53,575] [StorytellerAgent-204] INFO: ⚡ CPU Yükü: 34%, API Gecikme: 121ms
[2026-07-25 16:54:53,575] [MASTER_CONTROLLER] INFO: ✅ 'StorytellerAgent' başarıyla tetiklendi.
[2026-07-25 16:54:53,583] [utils.config_loader] INFO: Config yüklendi: C:\Users\Habitat\Desktop\SOSYAL _İMECE\config\global_config.json, max ajan sayısı: 165
[2026-07-25 16:54:53,583] [TransparencyBroadcasterAgent-206] INFO: 📢 TransparencyBroadcasterAgent-206 çalışmaya başladı
[2026-07-25 16:54:53,583] [TransparencyBroadcasterAgent-206] INFO: 💰 Bütçe raporu hazırlandı: Toplam Gelir ₺1,250,000
[2026-07-25 16:54:53,583] [TransparencyBroadcasterAgent-206] INFO: 🎓 Burs dağıtım raporu hazırlandı: 3 burs ödendi
[2026-07-25 16:54:53,583] [TransparencyBroadcasterAgent-206] INFO: 📋 Kapsamlı şeffaflık raporu hazırlandı
[2026-07-25 16:54:53,585] [TransparencyBroadcasterAgent-206] INFO: 💾 Rapor kaydedildi: reports\transparency_rapor_206_20260725_165453.json
[2026-07-25 16:54:53,585] [TransparencyBroadcasterAgent-206] INFO: 📢 Rapor yayınlandı: web_sitesi - kapsamli_saydamlik_raporu
[2026-07-25 16:54:53,586] [TransparencyBroadcasterAgent-206] INFO: 📢 Rapor yayınlandı: twitter - kapsamli_saydamlik_raporu
[2026-07-25 16:54:53,586] [TransparencyBroadcasterAgent-206] INFO: 📢 Rapor yayınlandı: facebook - kapsamli_saydamlik_raporu
[2026-07-25 16:54:53,586] [TransparencyBroadcasterAgent-206] INFO: 📢 Rapor yayınlandı: linkedin - kapsamli_saydamlik_raporu
[2026-07-25 16:54:53,586] [TransparencyBroadcasterAgent-206] INFO: ✅ Şeffaflık raporu hazırlandı ve 4 platformda yayınlandı
[2026-07-25 16:54:53,586] [TransparencyBroadcasterAgent-206] INFO: 📊 Maliye Uyumluluk Puanı: 100
[2026-07-25 16:54:53,586] [TransparencyBroadcasterAgent-206] INFO: 🔍 Şeffaflık Puanı: 100
[2026-07-25 16:54:53,586] [TransparencyBroadcasterAgent-206] INFO: ⚡ CPU Yükü: 32%, API Gecikme: 120ms
[2026-07-25 16:54:53,586] [MASTER_CONTROLLER] INFO: ✅ 'TransparencyBroadcasterAgent' başarıyla tetiklendi.
[2026-07-25 16:54:53,595] [MASTER_CONTROLLER] INFO: ✅ 'TRMAccountingAgent' başarıyla tetiklendi.
[2026-07-25 16:54:53,625] [MASTER_CONTROLLER] INFO: ✅ 'TRMGatekeeperAgent' başarıyla tetiklendi.
[2026-07-25 16:54:53,631] [trm_agents.trm_local_recruiter_agent] INFO: 🚀 Agent TRM_Local_Recruiter (#164) başlatılıyor...
[2026-07-25 16:54:53,631] [trm_agents.trm_local_recruiter_agent] INFO: 🔍 İstanbul piyasasında yerli firmalar taranıyor...
[2026-07-25 16:54:53,631] [trm_agents.trm_local_recruiter_agent] INFO: 🎯 4 yerli firma bulundu!
[2026-07-25 16:54:53,633] [trm_agents.trm_local_recruiter_agent] INFO: 🔍 Ankara piyasasında yerli firmalar taranıyor...
[2026-07-25 16:54:53,633] [trm_agents.trm_local_recruiter_agent] INFO: 🎯 4 yerli firma bulundu!
[2026-07-25 16:54:53,633] [trm_agents.trm_local_recruiter_agent] INFO: 🔍 İzmir piyasasında yerli firmalar taranıyor...
[2026-07-25 16:54:53,633] [trm_agents.trm_local_recruiter_agent] INFO: 🎯 4 yerli firma bulundu!
[2026-07-25 16:54:53,633] [trm_agents.trm_local_recruiter_agent] INFO: 🔍 Bursa piyasasında yerli firmalar taranıyor...
[2026-07-25 16:54:53,633] [trm_agents.trm_local_recruiter_agent] INFO: 🎯 4 yerli firma bulundu!
[2026-07-25 16:54:53,633] [trm_agents.trm_local_recruiter_agent] INFO: 🔍 Antalya piyasasında yerli firmalar taranıyor...
[2026-07-25 16:54:53,633] [trm_agents.trm_local_recruiter_agent] INFO: 🎯 4 yerli firma bulundu!
[2026-07-25 16:54:53,633] [trm_agents.trm_local_recruiter_agent] INFO: 🔍 Adana piyasasında yerli firmalar taranıyor...
[2026-07-25 16:54:53,633] [trm_agents.trm_local_recruiter_agent] INFO: 🎯 4 yerli firma bulundu!
[2026-07-25 16:54:53,633] [trm_agents.trm_local_recruiter_agent] INFO: 🔍 Konya piyasasında yerli firmalar taranıyor...
[2026-07-25 16:54:53,633] [trm_agents.trm_local_recruiter_agent] INFO: 🎯 4 yerli firma bulundu!
[2026-07-25 16:54:53,633] [trm_agents.trm_local_recruiter_agent] INFO: 🔍 Gaziantep piyasasında yerli firmalar taranıyor...
[2026-07-25 16:54:53,633] [trm_agents.trm_local_recruiter_agent] INFO: 🎯 4 yerli firma bulundu!
[2026-07-25 16:54:53,633] [trm_agents.trm_local_recruiter_agent] INFO: 🔍 Şanlıurfa piyasasında yerli firmalar taranıyor...
[2026-07-25 16:54:53,633] [trm_agents.trm_local_recruiter_agent] INFO: 🎯 4 yerli firma bulundu!
[2026-07-25 16:54:53,633] [trm_agents.trm_local_recruiter_agent] INFO: 🔍 Mersin piyasasında yerli firmalar taranıyor...
[2026-07-25 16:54:53,633] [trm_agents.trm_local_recruiter_agent] INFO: 🎯 4 yerli firma bulundu!
[2026-07-25 16:54:53,633] [trm_agents.trm_local_recruiter_agent] INFO: ✨ Yerli firma Bursa Ahşap Mobilya sistemimize katılmak istedi!
[2026-07-25 16:54:53,645] [trm_agents.trm_local_recruiter_agent] INFO: ✅ Yerli partner Bursa Ahşap Mobilya başarıyla sisteme eklendi!
[2026-07-25 16:54:53,645] [trm_agents.trm_local_recruiter_agent] INFO: ✅ Agent TRM_Local_Recruiter taramasını tamamladı.
[2026-07-25 16:54:53,645] [MASTER_CONTROLLER] INFO: ✅ 'TRMLocalRecruiterAgent' başarıyla tetiklendi.
[2026-07-25 16:54:53,652] [MASTER_CONTROLLER] INFO: Karargah aktif! 18/165 ajan fiilen çalışıyor.
[2026-07-25 16:54:53,653] [MASTER_CONTROLLER] WARNING: ⚠️ Hedeflenen 165 ajanın 147 tanesi için henüz trm_agents paketinde kod yok. Bu ajanlar 'çalışıyor' olarak raporlanmıyor çünkü fiilen mevcut değiller.
[2026-07-25 16:54:53,655] [MASTER_CONTROLLER] INFO: Sistem durum raporu oluşturuldu: ./reports\system_status.json
[2026-07-25 17:23:56,742] [Sosyal_Medya_Uploader] INFO: ✅ global_config.json başarıyla yüklendi
[2026-07-25 17:23:56,742] [Sosyal_Medya_Uploader] INFO: 🚀 Sosyal_Medya_Uploader başlatılıyor...
[2026-07-25 17:23:56,742] [Sosyal_Medya_Uploader] INFO: 📁 Agent ID: None
[2026-07-25 17:23:56,742] [Sosyal_Medya_Uploader] WARNING: ⚠️ youtube_api_key için API anahtarı eksik
[2026-07-25 17:23:56,742] [Sosyal_Medya_Uploader] WARNING: ⚠️ tiktok_api_key için API anahtarı eksik
[2026-07-25 17:23:56,742] [Sosyal_Medya_Uploader] WARNING: ⚠️ instagram_access_token için API anahtarı eksik
[2026-07-25 17:23:56,742] [Sosyal_Medya_Uploader] WARNING: ⚠️ twitter_api_key için API anahtarı eksik
[2026-07-25 17:23:56,742] [Sosyal_Medya_Uploader] WARNING: ⚠️ twitter_api_secret için API anahtarı eksik
[2026-07-25 17:23:56,742] [Sosyal_Medya_Uploader] INFO: 📊 Platform durumu: {'youtube_api_key': False, 'tiktok_api_key': False, 'instagram_access_token': False, 'twitter_api_key': False, 'twitter_api_secret': False}
[2026-07-25 17:23:56,742] [Sosyal_Medya_Uploader] INFO: 📁 Varsayılan video: content/videos/default_video.mp4
[2026-07-25 17:23:56,742] [Sosyal_Medya_Uploader] INFO: 🌐 Varsayılan dil: tr
[2026-07-25 17:23:56,744] [Sosyal_Medya_Uploader] INFO: 💓 Heartbeat thread başlatıldı
[2026-07-25 17:23:56,744] [MASTER_CONTROLLER] INFO: ✅ 'SocialUploaderAgent' (trm_agents.social_uploader_agent) initialize edildi.
[2026-07-25 17:23:56,744] [utils.config_loader] INFO: Config yüklendi: C:\Users\Habitat\Desktop\SOSYAL _İMECE\config\global_config.json, max ajan sayısı: 165
[2026-07-25 17:23:56,744] [StorytellerAgent-204] INFO: 📖 StorytellerAgent-204 başlatılıyor...
[2026-07-25 17:23:56,744] [StorytellerAgent-204] INFO: 📚 Hikaye veritabanı yüklendi: 3 hikaye
[2026-07-25 17:23:56,744] [StorytellerAgent-204] INFO: 💬 Merhamet dili şablonları yüklendi: 4 şablon
[2026-07-25 17:23:56,744] [MASTER_CONTROLLER] INFO: ✅ 'StorytellerAgent' (trm_agents.storyteller_agent) initialize edildi.
[2026-07-25 17:23:56,746] [utils.config_loader] INFO: Config yüklendi: C:\Users\Habitat\Desktop\SOSYAL _İMECE\config\global_config.json, max ajan sayısı: 165
[2026-07-25 17:23:56,746] [TransparencyBroadcasterAgent-206] INFO: 📢 TransparencyBroadcasterAgent-206 başlatılıyor...
[2026-07-25 17:23:56,746] [TransparencyBroadcasterAgent-206] INFO: 💰 Bütçe verileri yüklendi: 8 kategori
[2026-07-25 17:23:56,746] [TransparencyBroadcasterAgent-206] INFO: 🎓 Burs dağıtım listesi yüklendi: 3 kayıt
[2026-07-25 17:23:56,746] [TransparencyBroadcasterAgent-206] INFO: 🌐 Yayın platformları yüklendi: 4 platform
[2026-07-25 17:23:56,746] [MASTER_CONTROLLER] INFO: ✅ 'TransparencyBroadcasterAgent' (trm_agents.transparency_broadcaster_agent) initialize edildi.
[2026-07-25 17:23:56,746] [MASTER_CONTROLLER] INFO: ✅ 'TRMAccountingAgent' (trm_agents.trm_accounting_agent) initialize edildi.
[2026-07-25 17:23:56,746] [MASTER_CONTROLLER] INFO: ✅ 'TRMGatekeeperAgent' (trm_agents.trm_gatekeeper_agent) initialize edildi.
[2026-07-25 17:23:56,747] [MASTER_CONTROLLER] INFO: ✅ 'TRMLocalRecruiterAgent' (trm_agents.trm_local_recruiter_agent) initialize edildi.
[2026-07-25 17:23:56,747] [MASTER_CONTROLLER] INFO: Otonom servisler sırayla devreye alınıyor...
[2026-07-25 17:23:56,747] [ContentCreator] INFO: 🔄 İçerik üretimi başlatılıyor...
[2026-07-25 17:23:56,747] [ContentCreator] INFO: 🎯 Varsayılan konu: {}
[2026-07-25 17:23:56,747] [ContentCreator] INFO: 🤖 İçerik üretiliyor: {}
[2026-07-25 17:23:58,749] [ContentCreator] INFO: 📤 İçerik YouTube_Shorts'a gönderiliyor...
[2026-07-25 17:23:59,250] [ContentCreator] INFO: 📤 İçerik TikTok'a gönderiliyor...
[2026-07-25 17:23:59,752] [ContentCreator] INFO: 📤 İçerik Instagram_Reels'a gönderiliyor...
[2026-07-25 17:24:00,253] [ContentCreator] INFO: ✅ İçerik üretildi ve 3 platforma gönderildi
[2026-07-25 17:24:00,253] [MASTER_CONTROLLER] INFO: ✅ 'ContentCreatorAgent' başarıyla tetiklendi.
[2026-07-25 17:24:00,264] [utils.config_loader] INFO: Config yüklendi: C:\Users\Habitat\Desktop\SOSYAL _İMECE\config\global_config.json, max ajan sayısı: 165
[2026-07-25 17:24:00,264] [FactCheckerAgent-202] INFO: 🔍 FactCheckerAgent-202 çalışmaya başladı
[2026-07-25 17:24:00,265] [FactCheckerAgent-202] WARNING: ❌ Asılsız iddia tespit edildi: Sosyal İmece bir dolandırıcılık şemasıdır...
[2026-07-25 17:24:00,265] [FactCheckerAgent-202] INFO: ✅ Doğru bilgi tespit edildi: UTEYKDER resmi bir dernektir...
[2026-07-25 17:24:00,265] [FactCheckerAgent-202] WARNING: ❌ Asılsız iddia tespit edildi: İnsanlardan para zorla alıyorlar...
[2026-07-25 17:24:00,268] [FactCheckerAgent-202] INFO: 📊 Doğrulama raporu oluşturuldu: reports\fact_checker_rapor_202_20260725_172400.json
[2026-07-25 17:24:00,268] [FactCheckerAgent-202] INFO: ✅ 4 iddia kontrol edildi ve raporlandı
[2026-07-25 17:24:00,268] [FactCheckerAgent-202] INFO: ⚡ CPU Yükü: 32%, API Gecikme: 122ms
[2026-07-25 17:24:00,268] [MASTER_CONTROLLER] INFO: ✅ 'FactCheckerAgent' başarıyla tetiklendi.
[2026-07-25 17:24:00,272] [utils.config_loader] INFO: Config yüklendi: C:\Users\Habitat\Desktop\SOSYAL _İMECE\config\global_config.json, max ajan sayısı: 165
[2026-07-25 17:24:00,272] [MASTER_CONTROLLER] INFO: ✅ 'FinansAgent' başarıyla tetiklendi.
[2026-07-25 17:24:00,283] [trm_agents.global_affiliate_recruiter_agent] INFO: 🚀 Agent TRM_GLOBAL_AFFILIATE_RECRUITER (#162) starting...
[2026-07-25 17:24:00,283] [trm_agents.global_affiliate_recruiter_agent] INFO: 🔍 Scanning TR market for potential affiliate partners...
[2026-07-25 17:24:00,283] [trm_agents.global_affiliate_recruiter_agent] INFO: 🎯 Found 5 potential partners!
[2026-07-25 17:24:00,283] [trm_agents.global_affiliate_recruiter_agent] INFO: 🔍 Scanning US market for potential affiliate partners...
[2026-07-25 17:24:00,283] [trm_agents.global_affiliate_recruiter_agent] INFO: 🎯 Found 5 potential partners!
[2026-07-25 17:24:00,283] [trm_agents.global_affiliate_recruiter_agent] INFO: ✨ Partner Istanbul Commerce Collective showed interest!
[2026-07-25 17:24:00,300] [trm_agents.global_affiliate_recruiter_agent] INFO: ✅ New partner Istanbul Commerce Collective successfully added to system!
[2026-07-25 17:24:00,300] [trm_agents.global_affiliate_recruiter_agent] INFO: 🔍 Scanning EU market for potential affiliate partners...
[2026-07-25 17:24:00,300] [trm_agents.global_affiliate_recruiter_agent] INFO: 🎯 Found 5 potential partners!
[2026-07-25 17:24:00,300] [trm_agents.global_affiliate_recruiter_agent] INFO: 🔍 Scanning UK market for potential affiliate partners...
[2026-07-25 17:24:00,300] [trm_agents.global_affiliate_recruiter_agent] INFO: 🎯 Found 5 potential partners!
[2026-07-25 17:24:00,300] [trm_agents.global_affiliate_recruiter_agent] INFO: 🔍 Scanning CA market for potential affiliate partners...
[2026-07-25 17:24:00,301] [trm_agents.global_affiliate_recruiter_agent] INFO: 🎯 Found 5 potential partners!
[2026-07-25 17:24:00,301] [trm_agents.global_affiliate_recruiter_agent] INFO: ✨ Partner Turkish Trend Shop showed interest!
[2026-07-25 17:24:00,314] [trm_agents.global_affiliate_recruiter_agent] INFO: ✅ New partner Turkish Trend Shop successfully added to system!
[2026-07-25 17:24:00,314] [trm_agents.global_affiliate_recruiter_agent] INFO: 🔍 Scanning AU market for potential affiliate partners...
[2026-07-25 17:24:00,314] [trm_agents.global_affiliate_recruiter_agent] INFO: 🎯 Found 5 potential partners!
[2026-07-25 17:24:00,315] [trm_agents.global_affiliate_recruiter_agent] INFO: ✅ Agent TRM_GLOBAL_AFFILIATE_RECRUITER completed scan.
[2026-07-25 17:24:00,315] [MASTER_CONTROLLER] INFO: ✅ 'TRMGlobalAffiliateRecruiterAgent' başarıyla tetiklendi.
[2026-07-25 17:24:00,322] [trm_agents.human_auditor_agent] INFO: 🚀 Agent TRM_HUMAN_AUDITOR (#163) starting...
[2026-07-25 17:24:00,322] [trm_agents.human_auditor_agent] INFO: 🎙️ Sesli mülakat başlatılıyor: Ahmet Yılmaz
[2026-07-25 17:24:00,322] [trm_agents.human_auditor_agent] INFO: 📋 Anaç ve şefkatli mülakat soruları oluşturuldu: 5 soru
[2026-07-25 17:24:00,324] [trm_agents.human_auditor_agent] INFO: 🚀 Starting audit process for Ahmet Yılmaz...
[2026-07-25 17:24:00,324] [trm_agents.human_auditor_agent] INFO: 🔍 Analyzing applicant psychology using simulated NLP...
[2026-07-25 17:24:00,324] [trm_agents.human_auditor_agent] INFO: ✅ Psychology analysis complete! Decision: APPROVED, Overall Score: 98.05
[2026-07-25 17:24:00,338] [trm_agents.human_auditor_agent] INFO: ✅ Audit saved to local database.
[2026-07-25 17:24:00,338] [trm_agents.human_auditor_agent] INFO: 📤 (Simulated) Saving audit to Google Drive spreadsheet: Müracaat_Degerlendirme
[2026-07-25 17:24:00,338] [trm_agents.human_auditor_agent] INFO: ✅ Agent TRM_HUMAN_AUDITOR completed simulated audit with motherly warmth.
[2026-07-25 17:24:00,338] [MASTER_CONTROLLER] INFO: ✅ 'TRMHumanAuditorAgent' başarıyla tetiklendi.
[2026-07-25 17:24:00,344] [utils.config_loader] INFO: Config yüklendi: C:\Users\Habitat\Desktop\SOSYAL _İMECE\config\global_config.json, max ajan sayısı: 165
[2026-07-25 17:24:00,388] [MASTER_CONTROLLER] INFO: ✅ 'IcerikAgent' başarıyla tetiklendi.
[2026-07-25 17:24:00,396] [utils.config_loader] INFO: Config yüklendi: C:\Users\Habitat\Desktop\SOSYAL _İMECE\config\global_config.json, max ajan sayısı: 165
[2026-07-25 17:24:00,396] [LegalShieldAgent-203] INFO: ⚖️ LegalShieldAgent-203 çalışmaya başladı
[2026-07-25 17:24:00,396] [LegalShieldAgent-203] WARNING: ⚠️ Hukuki sınır aşımı tespit edildi: dolandırıcılık
[2026-07-25 17:24:00,397] [LegalShieldAgent-203] INFO: 📜 Yasal uyarı hazırlandı: anonim_kullanici1 (twitter)
[2026-07-25 17:24:00,397] [LegalShieldAgent-203] INFO: 📁 Delil dosyası hazırlandı: DELIL-203-20260725172400
[2026-07-25 17:24:00,400] [LegalShieldAgent-203] INFO: 📊 Hukuki rapor oluşturuldu: reports\legal_shield_rapor_203_20260725_172400.json
[2026-07-25 17:24:00,400] [LegalShieldAgent-203] INFO: ✅ 1 yasal uyarı ve 1 delil dosyası hazırlandı
[2026-07-25 17:24:00,400] [LegalShieldAgent-203] INFO: ⚡ CPU Yükü: 30%, API Gecikme: 112ms
[2026-07-25 17:24:00,400] [MASTER_CONTROLLER] INFO: ✅ 'LegalShieldAgent' başarıyla tetiklendi.
[2026-07-25 17:24:00,406] [MyNewAgent] INFO: 🔄 Çalıştırılıyor...
[2026-07-25 17:24:00,406] [MASTER_CONTROLLER] INFO: ✅ 'MyNewAgent' başarıyla tetiklendi.
[2026-07-25 17:24:00,412] [utils.config_loader] INFO: Config yüklendi: C:\Users\Habitat\Desktop\SOSYAL _İMECE\config\global_config.json, max ajan sayısı: 165
[2026-07-25 17:24:00,414] [PublicBenefitAnalystAgent-205] INFO: 📊 PublicBenefitAnalystAgent-205 çalışmaya başladı
[2026-07-25 17:24:00,414] [PublicBenefitAnalystAgent-205] INFO: 💰 Ekonomik analiz tamamlandı: Kar Marjı %64.0
[2026-07-25 17:24:00,414] [PublicBenefitAnalystAgent-205] INFO: 👥 Toplumsal analiz tamamlandı: 1250 kişi faydalandı
[2026-07-25 17:24:00,415] [PublicBenefitAnalystAgent-205] INFO: 📈 Etki analizi tamamlandı: Etki Skoru 100
[2026-07-25 17:24:00,415] [PublicBenefitAnalystAgent-205] INFO: 💰 Ekonomik analiz tamamlandı: Kar Marjı %64.0
[2026-07-25 17:24:00,415] [PublicBenefitAnalystAgent-205] INFO: 👥 Toplumsal analiz tamamlandı: 1250 kişi faydalandı
[2026-07-25 17:24:00,415] [PublicBenefitAnalystAgent-205] INFO: 📈 Etki analizi tamamlandı: Etki Skoru 100
[2026-07-25 17:24:00,416] [PublicBenefitAnalystAgent-205] INFO: 📋 Kamuoyu raporu hazırlandı
[2026-07-25 17:24:00,418] [PublicBenefitAnalystAgent-205] INFO: 💾 Rapor kaydedildi: reports\public_benefit_rapor_205_20260725_172400.json
[2026-07-25 17:24:00,418] [PublicBenefitAnalystAgent-205] INFO: ✅ Etki analizi ve kamuoyu raporu tamamlandı
[2026-07-25 17:24:00,418] [PublicBenefitAnalystAgent-205] INFO: 📈 Etki Skoru: 100
[2026-07-25 17:24:00,418] [PublicBenefitAnalystAgent-205] INFO: ⚡ CPU Yükü: 22%, API Gecikme: 95ms
[2026-07-25 17:24:00,418] [MASTER_CONTROLLER] INFO: ✅ 'PublicBenefitAnalystAgent' başarıyla tetiklendi.
[2026-07-25 17:24:00,423] [utils.config_loader] INFO: Config yüklendi: C:\Users\Habitat\Desktop\SOSYAL _İMECE\config\global_config.json, max ajan sayısı: 165
[2026-07-25 17:24:00,423] [SentinelGuardAgent-201] INFO: 🛡️ SentinelGuardAgent-201 çalışmaya başladı
[2026-07-25 17:24:00,423] [SentinelGuardAgent-201] WARNING: ⚠️ twitter'da tehdit tespit edildi: dolandırıcılık
[2026-07-25 17:24:00,423] [SentinelGuardAgent-201] WARNING: ⚠️ twitter'da tehdit tespit edildi: sahte
[2026-07-25 17:24:00,423] [SentinelGuardAgent-201] WARNING: ⚠️ twitter'da tehdit tespit edildi: kandırma
[2026-07-25 17:24:00,423] [SentinelGuardAgent-201] WARNING: ⚠️ facebook'da tehdit tespit edildi: dolandırıcılık
[2026-07-25 17:24:00,423] [SentinelGuardAgent-201] WARNING: ⚠️ facebook'da tehdit tespit edildi: sahte
[2026-07-25 17:24:00,423] [SentinelGuardAgent-201] WARNING: ⚠️ facebook'da tehdit tespit edildi: kandırma
[2026-07-25 17:24:00,423] [SentinelGuardAgent-201] WARNING: ⚠️ youtube'da tehdit tespit edildi: dolandırıcılık
[2026-07-25 17:24:00,423] [SentinelGuardAgent-201] WARNING: ⚠️ youtube'da tehdit tespit edildi: sahte
[2026-07-25 17:24:00,423] [SentinelGuardAgent-201] WARNING: ⚠️ youtube'da tehdit tespit edildi: kandırma
[2026-07-25 17:24:00,423] [SentinelGuardAgent-201] WARNING: ⚠️ reddit'da tehdit tespit edildi: dolandırıcılık
[2026-07-25 17:24:00,423] [SentinelGuardAgent-201] WARNING: ⚠️ reddit'da tehdit tespit edildi: sahte
[2026-07-25 17:24:00,423] [SentinelGuardAgent-201] WARNING: ⚠️ linkedin'da tehdit tespit edildi: dolandırıcılık
[2026-07-25 17:24:00,423] [SentinelGuardAgent-201] WARNING: ⚠️ tiktok'da tehdit tespit edildi: dolandırıcılık
[2026-07-25 17:24:00,423] [SentinelGuardAgent-201] WARNING: ⚠️ tiktok'da tehdit tespit edildi: sahte
[2026-07-25 17:24:00,423] [SentinelGuardAgent-201] WARNING: ⚠️ telegram'da tehdit tespit edildi: dolandırıcılık
[2026-07-25 17:24:00,423] [SentinelGuardAgent-201] WARNING: ⚠️ telegram'da tehdit tespit edildi: sahte
[2026-07-25 17:24:00,423] [SentinelGuardAgent-201] WARNING: ⚠️ telegram'da tehdit tespit edildi: kandırma
[2026-07-25 17:24:00,423] [SentinelGuardAgent-201] INFO: 🔍 Tehdit analiz edildi: Acil yasal müdahale ve hukuki süreç başlatma
[2026-07-25 17:24:00,423] [SentinelGuardAgent-201] INFO: 🔍 Tehdit analiz edildi: Acil yasal müdahale ve hukuki süreç başlatma
[2026-07-25 17:24:00,423] [SentinelGuardAgent-201] INFO: 🔍 Tehdit analiz edildi: Resmi açıklama ve hukuki uyarı gönderme
[2026-07-25 17:24:00,423] [SentinelGuardAgent-201] INFO: 🔍 Tehdit analiz edildi: Resmi açıklama ve hukuki uyarı gönderme
[2026-07-25 17:24:00,423] [SentinelGuardAgent-201] INFO: 🔍 Tehdit analiz edildi: Acil yasal müdahale ve hukuki süreç başlatma
[2026-07-25 17:24:00,423] [SentinelGuardAgent-201] INFO: 🔍 Tehdit analiz edildi: İçerik raporlama ve platform bildirimi
[2026-07-25 17:24:00,423] [SentinelGuardAgent-201] INFO: 🔍 Tehdit analiz edildi: İzleme ve takip etme
[2026-07-25 17:24:00,423] [SentinelGuardAgent-201] INFO: 🔍 Tehdit analiz edildi: Acil yasal müdahale ve hukuki süreç başlatma
[2026-07-25 17:24:00,423] [SentinelGuardAgent-201] INFO: 🔍 Tehdit analiz edildi: Resmi açıklama ve hukuki uyarı gönderme
[2026-07-25 17:24:00,423] [SentinelGuardAgent-201] INFO: 🔍 Tehdit analiz edildi: Acil yasal müdahale ve hukuki süreç başlatma
[2026-07-25 17:24:00,423] [SentinelGuardAgent-201] INFO: 🔍 Tehdit analiz edildi: Resmi açıklama ve hukuki uyarı gönderme
[2026-07-25 17:24:00,423] [SentinelGuardAgent-201] INFO: 🔍 Tehdit analiz edildi: İçerik raporlama ve platform bildirimi
[2026-07-25 17:24:00,423] [SentinelGuardAgent-201] INFO: 🔍 Tehdit analiz edildi: Acil yasal müdahale ve hukuki süreç başlatma
[2026-07-25 17:24:00,423] [SentinelGuardAgent-201] INFO: 🔍 Tehdit analiz edildi: İzleme ve takip etme
[2026-07-25 17:24:00,423] [SentinelGuardAgent-201] INFO: 🔍 Tehdit analiz edildi: Acil yasal müdahale ve hukuki süreç başlatma
[2026-07-25 17:24:00,423] [SentinelGuardAgent-201] INFO: 🔍 Tehdit analiz edildi: İçerik raporlama ve platform bildirimi
[2026-07-25 17:24:00,423] [SentinelGuardAgent-201] INFO: 🔍 Tehdit analiz edildi: Resmi açıklama ve hukuki uyarı gönderme
[2026-07-25 17:24:00,433] [SentinelGuardAgent-201] INFO: 📊 Rapor oluşturuldu: reports\sentinel_guard_rapor_201_20260725_172400.json
[2026-07-25 17:24:00,433] [SentinelGuardAgent-201] INFO: ✅ 17 tehdit tespit edildi ve raporlandı
[2026-07-25 17:24:00,433] [SentinelGuardAgent-201] INFO: ⚡ CPU Yükü: 100%, API Gecikme: 250ms
[2026-07-25 17:24:00,433] [MASTER_CONTROLLER] INFO: ✅ 'SentinelGuardAgent' başarıyla tetiklendi.
[2026-07-25 17:24:00,436] [utils.config_loader] INFO: Config yüklendi: C:\Users\Habitat\Desktop\SOSYAL _İMECE\config\global_config.json, max ajan sayısı: 165
[2026-07-25 17:24:00,490] [MASTER_CONTROLLER] INFO: ✅ 'SeoAgent' başarıyla tetiklendi.
[2026-07-25 17:24:00,500] [utils.config_loader] INFO: Config yüklendi: C:\Users\Habitat\Desktop\SOSYAL _İMECE\config\global_config.json, max ajan sayısı: 165
[2026-07-25 17:24:00,500] [SocialAccountAutomationAgent-207] INFO: 🔐 SocialAccountAutomationAgent-207 çalışmaya başladı
[2026-07-25 17:24:00,500] [SocialAccountAutomationAgent-207] INFO: ✅ T.C. kimlik ve telefon doğrulaması başarılı: 123***01
[2026-07-25 17:24:00,500] [SocialAccountAutomationAgent-207] INFO: 📄 Sözleşme oluşturuldu: 123***01
[2026-07-25 17:24:00,500] [SocialAccountAutomationAgent-207] INFO: ✅ Sözleşme onaylandı: 6f076afff6ab3c8a50dc5468c80147a3
[2026-07-25 17:24:00,500] [SocialAccountAutomationAgent-207] INFO: 🔓 facebook hesabı açıldı: social_imece_123508d8260
[2026-07-25 17:24:00,500] [SocialAccountAutomationAgent-207] WARNING: 🚫 Şifre SAKLANMADI - Sıfır Parola Kuralı korundu
[2026-07-25 17:24:00,500] [SocialAccountAutomationAgent-207] INFO: 📤 Güvenli devir yapıldı: sms
[2026-07-25 17:24:00,503] [SocialAccountAutomationAgent-207] INFO: 🔑 Şifre sms üzerinden kullanıcıya teslim edildi
[2026-07-25 17:24:00,503] [SocialAccountAutomationAgent-207] WARNING: 🗑️ Geçici şifre verileri imha edildi
[2026-07-25 17:24:00,503] [SocialAccountAutomationAgent-207] INFO: 🔓 instagram hesabı açıldı: social_imece_123b2d2104f
[2026-07-25 17:24:00,503] [SocialAccountAutomationAgent-207] WARNING: 🚫 Şifre SAKLANMADI - Sıfır Parola Kuralı korundu
[2026-07-25 17:24:00,503] [SocialAccountAutomationAgent-207] INFO: 📤 Güvenli devir yapıldı: sms
[2026-07-25 17:24:00,503] [SocialAccountAutomationAgent-207] INFO: 🔑 Şifre sms üzerinden kullanıcıya teslim edildi
[2026-07-25 17:24:00,503] [SocialAccountAutomationAgent-207] WARNING: 🗑️ Geçici şifre verileri imha edildi
[2026-07-25 17:24:00,503] [SocialAccountAutomationAgent-207] INFO: 🔓 tiktok hesabı açıldı: social_imece_123c31c603f
[2026-07-25 17:24:00,505] [SocialAccountAutomationAgent-207] WARNING: 🚫 Şifre SAKLANMADI - Sıfır Parola Kuralı korundu
[2026-07-25 17:24:00,505] [SocialAccountAutomationAgent-207] INFO: 📤 Güvenli devir yapıldı: sms
[2026-07-25 17:24:00,505] [SocialAccountAutomationAgent-207] INFO: 🔑 Şifre sms üzerinden kullanıcıya teslim edildi
[2026-07-25 17:24:00,505] [SocialAccountAutomationAgent-207] WARNING: 🗑️ Geçici şifre verileri imha edildi
[2026-07-25 17:24:00,506] [SocialAccountAutomationAgent-207] INFO: 🔓 telegram hesabı açıldı: social_imece_1238be5f669
[2026-07-25 17:24:00,506] [SocialAccountAutomationAgent-207] WARNING: 🚫 Şifre SAKLANMADI - Sıfır Parola Kuralı korundu
[2026-07-25 17:24:00,506] [SocialAccountAutomationAgent-207] INFO: 📤 Güvenli devir yapıldı: sms
[2026-07-25 17:24:00,506] [SocialAccountAutomationAgent-207] INFO: 🔑 Şifre sms üzerinden kullanıcıya teslim edildi
[2026-07-25 17:24:00,506] [SocialAccountAutomationAgent-207] WARNING: 🗑️ Geçici şifre verileri imha edildi
[2026-07-25 17:24:00,506] [SocialAccountAutomationAgent-207] INFO: 🔓 youtube hesabı açıldı: social_imece_12300191246
[2026-07-25 17:24:00,506] [SocialAccountAutomationAgent-207] WARNING: 🚫 Şifre SAKLANMADI - Sıfır Parola Kuralı korundu
[2026-07-25 17:24:00,506] [SocialAccountAutomationAgent-207] INFO: 📤 Güvenli devir yapıldı: sms
[2026-07-25 17:24:00,506] [SocialAccountAutomationAgent-207] INFO: 🔑 Şifre sms üzerinden kullanıcıya teslim edildi
[2026-07-25 17:24:00,506] [SocialAccountAutomationAgent-207] WARNING: 🗑️ Geçici şifre verileri imha edildi
[2026-07-25 17:24:00,506] [SocialAccountAutomationAgent-207] INFO: 🔓 blog hesabı açıldı: social_imece_1233b99599b
[2026-07-25 17:24:00,509] [SocialAccountAutomationAgent-207] WARNING: 🚫 Şifre SAKLANMADI - Sıfır Parola Kuralı korundu
[2026-07-25 17:24:00,509] [SocialAccountAutomationAgent-207] INFO: 📤 Güvenli devir yapıldı: sms
[2026-07-25 17:24:00,509] [SocialAccountAutomationAgent-207] INFO: 🔑 Şifre sms üzerinden kullanıcıya teslim edildi
[2026-07-25 17:24:00,509] [SocialAccountAutomationAgent-207] WARNING: 🗑️ Geçici şifre verileri imha edildi
[2026-07-25 17:24:00,509] [SocialAccountAutomationAgent-207] INFO: ✅ Toplu hesap açılış tamamlandı: 6/6
[2026-07-25 17:24:00,509] [SocialAccountAutomationAgent-207] INFO: 📊 Rapor oluşturuldu: reports\social_account_automation_rapor_207_20260725_172400.json
[2026-07-25 17:24:00,509] [SocialAccountAutomationAgent-207] INFO: ✅ İşlem tamamlandı: 6 hesap açıldı
[2026-07-25 17:24:00,512] [SocialAccountAutomationAgent-207] WARNING: 🚫 SIFIR PAROLA SAKLAMA KURALI BAŞARIYLA UYGULANDI
[2026-07-25 17:24:00,512] [SocialAccountAutomationAgent-207] INFO: ⚡ CPU Yükü: 43%, API Gecikme: 170ms
[2026-07-25 17:24:00,512] [MASTER_CONTROLLER] INFO: ✅ 'SocialAccountAutomationAgent' başarıyla tetiklendi.
[2026-07-25 17:24:00,522] [utils.config_loader] INFO: Config yüklendi: C:\Users\Habitat\Desktop\SOSYAL _İMECE\config\global_config.json, max ajan sayısı: 165
[2026-07-25 17:24:00,522] [SocialImecePortalAgent-208] INFO: 🌐 SocialImecePortalAgent-208 çalışmaya başladı
[2026-07-25 17:24:00,522] [SocialImecePortalAgent-208] INFO: ✅ Üye bulundu: Ahmet Yılmaz -> SIE-0001
[2026-07-25 17:24:00,522] [SocialImecePortalAgent-208] INFO: ✅ T.C. kimlik doğrulaması başarılı: 123***01
[2026-07-25 17:24:00,522] [SocialImecePortalAgent-208] INFO: 📱 Hesaplar getirildi: SIE-0001 - 6 hesap
[2026-07-25 17:24:00,522] [SocialImecePortalAgent-208] INFO: 📊 Aktivite takip edildi: facebook - SIE-0001
[2026-07-25 17:24:00,522] [SocialImecePortalAgent-208] INFO: 📊 Aktivite takip edildi: instagram - SIE-0001
[2026-07-25 17:24:00,522] [SocialImecePortalAgent-208] INFO: 📊 Aktivite takip edildi: tiktok - SIE-0001
[2026-07-25 17:24:00,522] [SocialImecePortalAgent-208] INFO: 📊 Aktivite takip edildi: telegram - SIE-0001
[2026-07-25 17:24:00,522] [SocialImecePortalAgent-208] INFO: 📊 Aktivite takip edildi: youtube - SIE-0001
[2026-07-25 17:24:00,522] [SocialImecePortalAgent-208] INFO: 📊 Aktivite takip edildi: blog - SIE-0001
[2026-07-25 17:24:00,527] [SocialImecePortalAgent-208] ERROR: ❌ Hata oluştu: name 'toplum_yorum' is not defined
[2026-07-25 17:24:00,527] [MASTER_CONTROLLER] INFO: ✅ 'SocialImecePortalAgent' başarıyla tetiklendi.
[2026-07-25 17:24:00,534] [Sosyal_Medya_Uploader] INFO: 🔄 Sosyal medya dağıtımı başlatılıyor...
[2026-07-25 17:24:00,534] [Sosyal_Medya_Uploader] INFO: 📁 Varsayılan video path: C:\Users\Habitat\Desktop\SOSYAL _İMECE\content/videos/default_video.mp4
[2026-07-25 17:24:00,534] [Sosyal_Medya_Uploader] INFO: 🌐 Varsayılan dil: tr
[2026-07-25 17:24:00,534] [Sosyal_Medya_Uploader] ERROR: ❌ Video dosyası bulunamadı: C:\Users\Habitat\Desktop\SOSYAL _İMECE\content/videos/default_video.mp4
[2026-07-25 17:24:00,534] [Sosyal_Medya_Uploader] WARNING: ⚠️ Yedek video da bulunamadı, simülasyon devam ediyor
[2026-07-25 17:24:00,534] [Sosyal_Medya_Uploader] WARNING: ⚠️ YouTube_Shorts için API anahtarı eksik, simülasyon modunda
[2026-07-25 17:24:00,534] [Sosyal_Medya_Uploader] INFO: 📤 Simülasyon: C:\Users\Habitat\Desktop\SOSYAL _İMECE\content/videos/default_video.mp4 → YouTube_Shorts (tr)
[2026-07-25 17:24:00,534] [Sosyal_Medya_Uploader] WARNING: ⚠️ TikTok için API anahtarı eksik, simülasyon modunda
[2026-07-25 17:24:00,534] [Sosyal_Medya_Uploader] INFO: 📤 Simülasyon: C:\Users\Habitat\Desktop\SOSYAL _İMECE\content/videos/default_video.mp4 → TikTok (tr)
[2026-07-25 17:24:00,534] [Sosyal_Medya_Uploader] WARNING: ⚠️ Instagram_Reels için API anahtarı eksik, simülasyon modunda
[2026-07-25 17:24:00,536] [Sosyal_Medya_Uploader] INFO: 📤 Simülasyon: C:\Users\Habitat\Desktop\SOSYAL _İMECE\content/videos/default_video.mp4 → Instagram_Reels (tr)
[2026-07-25 17:24:00,536] [Sosyal_Medya_Uploader] INFO: ✅ Dağıtım tamamlandı. 3 platform işlendi.
[2026-07-25 17:24:00,536] [MASTER_CONTROLLER] INFO: ✅ 'SocialUploaderAgent' başarıyla tetiklendi.
[2026-07-25 17:24:00,537] [utils.config_loader] INFO: Config yüklendi: C:\Users\Habitat\Desktop\SOSYAL _İMECE\config\global_config.json, max ajan sayısı: 165
[2026-07-25 17:24:00,537] [StorytellerAgent-204] INFO: 📖 StorytellerAgent-204 çalışmaya başladı
[2026-07-25 17:24:00,537] [StorytellerAgent-204] INFO: 📖 Hikaye seçildi: Mehmet Kaya
[2026-07-25 17:24:00,537] [StorytellerAgent-204] INFO: ✍️ Hikaye düzenlendi: twitter (280 karakter)
[2026-07-25 17:24:00,537] [StorytellerAgent-204] INFO: 📢 Hikaye yayınlandı: twitter
[2026-07-25 17:24:00,537] [StorytellerAgent-204] INFO: 📖 Hikaye seçildi: Mehmet Kaya
[2026-07-25 17:24:00,537] [StorytellerAgent-204] INFO: ✍️ Hikaye düzenlendi: facebook (879 karakter)
[2026-07-25 17:24:00,537] [StorytellerAgent-204] INFO: 📢 Hikaye yayınlandı: facebook
[2026-07-25 17:24:00,537] [StorytellerAgent-204] INFO: 📖 Hikaye seçildi: Ahmet Yılmaz
[2026-07-25 17:24:00,537] [StorytellerAgent-204] INFO: ✍️ Hikaye düzenlendi: instagram (895 karakter)
[2026-07-25 17:24:00,537] [StorytellerAgent-204] INFO: 📢 Hikaye yayınlandı: instagram
[2026-07-25 17:24:00,537] [StorytellerAgent-204] INFO: 📖 Hikaye seçildi: Ahmet Yılmaz
[2026-07-25 17:24:00,537] [StorytellerAgent-204] INFO: ✍️ Hikaye düzenlendi: linkedin (893 karakter)
[2026-07-25 17:24:00,537] [StorytellerAgent-204] INFO: 📢 Hikaye yayınlandı: linkedin
[2026-07-25 17:24:00,544] [StorytellerAgent-204] INFO: 📊 Hikaye raporu oluşturuldu: reports\storyteller_rapor_204_20260725_172400.json
[2026-07-25 17:24:00,544] [StorytellerAgent-204] INFO: ✅ 4 hikaye yayınlandı ve raporlandı
[2026-07-25 17:24:00,544] [StorytellerAgent-204] INFO: ⚡ CPU Yükü: 34%, API Gecikme: 121ms
[2026-07-25 17:24:00,544] [MASTER_CONTROLLER] INFO: ✅ 'StorytellerAgent' başarıyla tetiklendi.
[2026-07-25 17:24:00,550] [utils.config_loader] INFO: Config yüklendi: C:\Users\Habitat\Desktop\SOSYAL _İMECE\config\global_config.json, max ajan sayısı: 165
[2026-07-25 17:24:00,550] [TransparencyBroadcasterAgent-206] INFO: 📢 TransparencyBroadcasterAgent-206 çalışmaya başladı
[2026-07-25 17:24:00,550] [TransparencyBroadcasterAgent-206] INFO: 💰 Bütçe raporu hazırlandı: Toplam Gelir ₺1,250,000
[2026-07-25 17:24:00,550] [TransparencyBroadcasterAgent-206] INFO: 🎓 Burs dağıtım raporu hazırlandı: 3 burs ödendi
[2026-07-25 17:24:00,550] [TransparencyBroadcasterAgent-206] INFO: 📋 Kapsamlı şeffaflık raporu hazırlandı
[2026-07-25 17:24:00,553] [TransparencyBroadcasterAgent-206] INFO: 💾 Rapor kaydedildi: reports\transparency_rapor_206_20260725_172400.json
[2026-07-25 17:24:00,553] [TransparencyBroadcasterAgent-206] INFO: 📢 Rapor yayınlandı: web_sitesi - kapsamli_saydamlik_raporu
[2026-07-25 17:24:00,553] [TransparencyBroadcasterAgent-206] INFO: 📢 Rapor yayınlandı: twitter - kapsamli_saydamlik_raporu
[2026-07-25 17:24:00,553] [TransparencyBroadcasterAgent-206] INFO: 📢 Rapor yayınlandı: facebook - kapsamli_saydamlik_raporu
[2026-07-25 17:24:00,555] [TransparencyBroadcasterAgent-206] INFO: 📢 Rapor yayınlandı: linkedin - kapsamli_saydamlik_raporu
[2026-07-25 17:24:00,555] [TransparencyBroadcasterAgent-206] INFO: ✅ Şeffaflık raporu hazırlandı ve 4 platformda yayınlandı
[2026-07-25 17:24:00,555] [TransparencyBroadcasterAgent-206] INFO: 📊 Maliye Uyumluluk Puanı: 100
[2026-07-25 17:24:00,555] [TransparencyBroadcasterAgent-206] INFO: 🔍 Şeffaflık Puanı: 100
[2026-07-25 17:24:00,555] [TransparencyBroadcasterAgent-206] INFO: ⚡ CPU Yükü: 32%, API Gecikme: 120ms
[2026-07-25 17:24:00,555] [MASTER_CONTROLLER] INFO: ✅ 'TransparencyBroadcasterAgent' başarıyla tetiklendi.
[2026-07-25 17:24:00,561] [MASTER_CONTROLLER] INFO: ✅ 'TRMAccountingAgent' başarıyla tetiklendi.
[2026-07-25 17:24:00,573] [MASTER_CONTROLLER] INFO: ✅ 'TRMGatekeeperAgent' başarıyla tetiklendi.
[2026-07-25 17:24:00,576] [trm_agents.trm_local_recruiter_agent] INFO: 🚀 Agent TRM_Local_Recruiter (#164) başlatılıyor...
[2026-07-25 17:24:00,576] [trm_agents.trm_local_recruiter_agent] INFO: 🔍 İstanbul piyasasında yerli firmalar taranıyor...
[2026-07-25 17:24:00,576] [trm_agents.trm_local_recruiter_agent] INFO: 🎯 4 yerli firma bulundu!
[2026-07-25 17:24:00,576] [trm_agents.trm_local_recruiter_agent] INFO: 🔍 Ankara piyasasında yerli firmalar taranıyor...
[2026-07-25 17:24:00,576] [trm_agents.trm_local_recruiter_agent] INFO: 🎯 4 yerli firma bulundu!
[2026-07-25 17:24:00,576] [trm_agents.trm_local_recruiter_agent] INFO: 🔍 İzmir piyasasında yerli firmalar taranıyor...
[2026-07-25 17:24:00,576] [trm_agents.trm_local_recruiter_agent] INFO: 🎯 4 yerli firma bulundu!
[2026-07-25 17:24:00,576] [trm_agents.trm_local_recruiter_agent] INFO: 🔍 Bursa piyasasında yerli firmalar taranıyor...
[2026-07-25 17:24:00,576] [trm_agents.trm_local_recruiter_agent] INFO: 🎯 4 yerli firma bulundu!
[2026-07-25 17:24:00,576] [trm_agents.trm_local_recruiter_agent] INFO: ✨ Yerli firma Ankara El Sanatları Dükkanı sistemimize katılmak istedi!
[2026-07-25 17:24:00,589] [trm_agents.trm_local_recruiter_agent] INFO: ✅ Yerli partner Ankara El Sanatları Dükkanı başarıyla sisteme eklendi!
[2026-07-25 17:24:00,589] [trm_agents.trm_local_recruiter_agent] INFO: 🔍 Antalya piyasasında yerli firmalar taranıyor...
[2026-07-25 17:24:00,589] [trm_agents.trm_local_recruiter_agent] INFO: 🎯 4 yerli firma bulundu!
[2026-07-25 17:24:00,589] [trm_agents.trm_local_recruiter_agent] INFO: 🔍 Adana piyasasında yerli firmalar taranıyor...
[2026-07-25 17:24:00,589] [trm_agents.trm_local_recruiter_agent] INFO: 🎯 4 yerli firma bulundu!
[2026-07-25 17:24:00,589] [trm_agents.trm_local_recruiter_agent] INFO: 🔍 Konya piyasasında yerli firmalar taranıyor...
[2026-07-25 17:24:00,589] [trm_agents.trm_local_recruiter_agent] INFO: 🎯 4 yerli firma bulundu!
[2026-07-25 17:24:00,589] [trm_agents.trm_local_recruiter_agent] INFO: 🔍 Gaziantep piyasasında yerli firmalar taranıyor...
[2026-07-25 17:24:00,589] [trm_agents.trm_local_recruiter_agent] INFO: 🎯 4 yerli firma bulundu!
[2026-07-25 17:24:00,589] [trm_agents.trm_local_recruiter_agent] INFO: ✨ Yerli firma İstanbul Tekstil Atölyesi sistemimize katılmak istedi!
[2026-07-25 17:24:00,600] [trm_agents.trm_local_recruiter_agent] INFO: ✅ Yerli partner İstanbul Tekstil Atölyesi başarıyla sisteme eklendi!
[2026-07-25 17:24:00,600] [trm_agents.trm_local_recruiter_agent] INFO: 🔍 Şanlıurfa piyasasında yerli firmalar taranıyor...
[2026-07-25 17:24:00,600] [trm_agents.trm_local_recruiter_agent] INFO: 🎯 4 yerli firma bulundu!
[2026-07-25 17:24:00,600] [trm_agents.trm_local_recruiter_agent] INFO: 🔍 Mersin piyasasında yerli firmalar taranıyor...
[2026-07-25 17:24:00,603] [trm_agents.trm_local_recruiter_agent] INFO: 🎯 4 yerli firma bulundu!
[2026-07-25 17:24:00,603] [trm_agents.trm_local_recruiter_agent] INFO: ✅ Agent TRM_Local_Recruiter taramasını tamamladı.
[2026-07-25 17:24:00,603] [MASTER_CONTROLLER] INFO: ✅ 'TRMLocalRecruiterAgent' başarıyla tetiklendi.
[2026-07-25 17:24:00,607] [MASTER_CONTROLLER] INFO: Karargah aktif! 19/165 ajan fiilen çalışıyor.
[2026-07-25 17:24:00,607] [MASTER_CONTROLLER] WARNING: ⚠️ Hedeflenen 165 ajanın 146 tanesi için henüz trm_agents paketinde kod yok. Bu ajanlar 'çalışıyor' olarak raporlanmıyor çünkü fiilen mevcut değiller.
[2026-07-25 17:24:00,610] [MASTER_CONTROLLER] INFO: Sistem durum raporu oluşturuldu: ./reports\system_status.json
[2026-07-26 13:43:50,343] [Sosyal_Medya_Uploader] INFO: ✅ global_config.json başarıyla yüklendi
[2026-07-26 13:43:50,346] [Sosyal_Medya_Uploader] INFO: 🚀 Sosyal_Medya_Uploader başlatılıyor...
[2026-07-26 13:43:50,346] [Sosyal_Medya_Uploader] INFO: 📁 Agent ID: None
[2026-07-26 13:43:50,346] [Sosyal_Medya_Uploader] WARNING: ⚠️ youtube_api_key için API anahtarı eksik
[2026-07-26 13:43:50,346] [Sosyal_Medya_Uploader] WARNING: ⚠️ tiktok_api_key için API anahtarı eksik
[2026-07-26 13:43:50,346] [Sosyal_Medya_Uploader] WARNING: ⚠️ instagram_access_token için API anahtarı eksik
[2026-07-26 13:43:50,346] [Sosyal_Medya_Uploader] WARNING: ⚠️ twitter_api_key için API anahtarı eksik
[2026-07-26 13:43:50,346] [Sosyal_Medya_Uploader] WARNING: ⚠️ twitter_api_secret için API anahtarı eksik
[2026-07-26 13:43:50,346] [Sosyal_Medya_Uploader] INFO: 📊 Platform durumu: {'youtube_api_key': False, 'tiktok_api_key': False, 'instagram_access_token': False, 'twitter_api_key': False, 'twitter_api_secret': False}
[2026-07-26 13:43:50,346] [Sosyal_Medya_Uploader] INFO: 📁 Varsayılan video: content/videos/default_video.mp4
[2026-07-26 13:43:50,346] [Sosyal_Medya_Uploader] INFO: 🌐 Varsayılan dil: tr
[2026-07-26 13:43:50,348] [Sosyal_Medya_Uploader] INFO: 💓 Heartbeat thread başlatıldı
[2026-07-26 13:43:50,348] [MASTER_CONTROLLER] INFO: ✅ 'SocialUploaderAgent' (trm_agents.social_uploader_agent) initialize edildi.
[2026-07-26 13:43:50,348] [utils.config_loader] INFO: Config yüklendi: C:\Users\Habitat\Desktop\SOSYAL _İMECE\config\global_config.json, max ajan sayısı: 165
[2026-07-26 13:43:50,348] [StorytellerAgent-204] INFO: 📖 StorytellerAgent-204 başlatılıyor...
[2026-07-26 13:43:50,348] [StorytellerAgent-204] INFO: 📚 Hikaye veritabanı yüklendi: 3 hikaye
[2026-07-26 13:43:50,348] [StorytellerAgent-204] INFO: 💬 Merhamet dili şablonları yüklendi: 4 şablon
[2026-07-26 13:43:50,348] [MASTER_CONTROLLER] INFO: ✅ 'StorytellerAgent' (trm_agents.storyteller_agent) initialize edildi.
[2026-07-26 13:43:50,348] [utils.config_loader] INFO: Config yüklendi: C:\Users\Habitat\Desktop\SOSYAL _İMECE\config\global_config.json, max ajan sayısı: 165
[2026-07-26 13:43:50,350] [TransparencyBroadcasterAgent-206] INFO: 📢 TransparencyBroadcasterAgent-206 başlatılıyor...
[2026-07-26 13:43:50,350] [TransparencyBroadcasterAgent-206] INFO: 💰 Bütçe verileri yüklendi: 8 kategori
[2026-07-26 13:43:50,350] [TransparencyBroadcasterAgent-206] INFO: 🎓 Burs dağıtım listesi yüklendi: 3 kayıt
[2026-07-26 13:43:50,350] [TransparencyBroadcasterAgent-206] INFO: 🌐 Yayın platformları yüklendi: 4 platform
[2026-07-26 13:43:50,350] [MASTER_CONTROLLER] INFO: ✅ 'TransparencyBroadcasterAgent' (trm_agents.transparency_broadcaster_agent) initialize edildi.
[2026-07-26 13:43:50,350] [MASTER_CONTROLLER] INFO: ✅ 'TRMAccountingAgent' (trm_agents.trm_accounting_agent) initialize edildi.
[2026-07-26 13:43:50,350] [MASTER_CONTROLLER] INFO: ✅ 'TRMGatekeeperAgent' (trm_agents.trm_gatekeeper_agent) initialize edildi.
[2026-07-26 13:43:50,350] [MASTER_CONTROLLER] INFO: ✅ 'TRMLocalRecruiterAgent' (trm_agents.trm_local_recruiter_agent) initialize edildi.
[2026-07-26 13:43:50,350] [MASTER_CONTROLLER] INFO: Otonom servisler sırayla devreye alınıyor...
[2026-07-26 13:43:50,350] [ContentCreator] INFO: 🔄 İçerik üretimi başlatılıyor...
[2026-07-26 13:43:50,350] [ContentCreator] INFO: 🎯 Varsayılan konu: {}
[2026-07-26 13:43:50,350] [ContentCreator] INFO: 🤖 İçerik üretiliyor: {}
[2026-07-26 13:43:52,353] [ContentCreator] INFO: 📤 İçerik YouTube_Shorts'a gönderiliyor...
[2026-07-26 13:43:52,855] [ContentCreator] INFO: 📤 İçerik TikTok'a gönderiliyor...
[2026-07-26 13:43:53,357] [ContentCreator] INFO: 📤 İçerik Instagram_Reels'a gönderiliyor...
[2026-07-26 13:43:53,859] [ContentCreator] INFO: ✅ İçerik üretildi ve 3 platforma gönderildi
[2026-07-26 13:43:53,859] [MASTER_CONTROLLER] INFO: ✅ 'ContentCreatorAgent' başarıyla tetiklendi.
[2026-07-26 13:43:53,913] [utils.config_loader] INFO: Config yüklendi: C:\Users\Habitat\Desktop\SOSYAL _İMECE\config\global_config.json, max ajan sayısı: 165
[2026-07-26 13:43:53,913] [FactCheckerAgent-202] INFO: 🔍 FactCheckerAgent-202 çalışmaya başladı
[2026-07-26 13:43:53,915] [FactCheckerAgent-202] WARNING: ❌ Asılsız iddia tespit edildi: Sosyal İmece bir dolandırıcılık şemasıdır...
[2026-07-26 13:43:53,915] [FactCheckerAgent-202] INFO: ✅ Doğru bilgi tespit edildi: UTEYKDER resmi bir dernektir...
[2026-07-26 13:43:53,915] [FactCheckerAgent-202] WARNING: ❌ Asılsız iddia tespit edildi: İnsanlardan para zorla alıyorlar...
[2026-07-26 13:43:53,915] [FactCheckerAgent-202] INFO: 📊 Doğrulama raporu oluşturuldu: reports\fact_checker_rapor_202_20260726_134353.json
[2026-07-26 13:43:53,915] [FactCheckerAgent-202] INFO: ✅ 4 iddia kontrol edildi ve raporlandı
[2026-07-26 13:43:53,915] [FactCheckerAgent-202] INFO: ⚡ CPU Yükü: 32%, API Gecikme: 122ms
[2026-07-26 13:43:53,919] [MASTER_CONTROLLER] INFO: ✅ 'FactCheckerAgent' başarıyla tetiklendi.
[2026-07-26 13:43:53,928] [utils.config_loader] INFO: Config yüklendi: C:\Users\Habitat\Desktop\SOSYAL _İMECE\config\global_config.json, max ajan sayısı: 165
[2026-07-26 13:43:53,928] [MASTER_CONTROLLER] INFO: ✅ 'FinansAgent' başarıyla tetiklendi.
[2026-07-26 13:43:53,932] [trm_agents.global_affiliate_recruiter_agent] INFO: 🚀 Agent TRM_GLOBAL_AFFILIATE_RECRUITER (#162) starting...
[2026-07-26 13:43:53,932] [trm_agents.global_affiliate_recruiter_agent] INFO: 🔍 Scanning TR market for potential affiliate partners...
[2026-07-26 13:43:53,932] [trm_agents.global_affiliate_recruiter_agent] INFO: 🎯 Found 5 potential partners!
[2026-07-26 13:43:53,932] [trm_agents.global_affiliate_recruiter_agent] INFO: ✨ Partner Istanbul Commerce Collective showed interest!
[2026-07-26 13:43:53,946] [trm_agents.global_affiliate_recruiter_agent] INFO: ✅ New partner Istanbul Commerce Collective successfully added to system!
[2026-07-26 13:43:53,946] [trm_agents.global_affiliate_recruiter_agent] INFO: 🔍 Scanning US market for potential affiliate partners...
[2026-07-26 13:43:53,946] [trm_agents.global_affiliate_recruiter_agent] INFO: 🎯 Found 5 potential partners!
[2026-07-26 13:43:53,946] [trm_agents.global_affiliate_recruiter_agent] INFO: 🔍 Scanning EU market for potential affiliate partners...
[2026-07-26 13:43:53,946] [trm_agents.global_affiliate_recruiter_agent] INFO: 🎯 Found 5 potential partners!
[2026-07-26 13:43:53,946] [trm_agents.global_affiliate_recruiter_agent] INFO: 🔍 Scanning UK market for potential affiliate partners...
[2026-07-26 13:43:53,946] [trm_agents.global_affiliate_recruiter_agent] INFO: 🎯 Found 5 potential partners!
[2026-07-26 13:43:53,946] [trm_agents.global_affiliate_recruiter_agent] INFO: 🔍 Scanning CA market for potential affiliate partners...
[2026-07-26 13:43:53,946] [trm_agents.global_affiliate_recruiter_agent] INFO: 🎯 Found 5 potential partners!
[2026-07-26 13:43:53,946] [trm_agents.global_affiliate_recruiter_agent] INFO: ✨ Partner Istanbul Commerce Collective showed interest!
[2026-07-26 13:43:53,960] [trm_agents.global_affiliate_recruiter_agent] INFO: ✅ New partner Istanbul Commerce Collective successfully added to system!
[2026-07-26 13:43:53,960] [trm_agents.global_affiliate_recruiter_agent] INFO: 🔍 Scanning AU market for potential affiliate partners...
[2026-07-26 13:43:53,960] [trm_agents.global_affiliate_recruiter_agent] INFO: 🎯 Found 5 potential partners!
[2026-07-26 13:43:53,960] [trm_agents.global_affiliate_recruiter_agent] INFO: ✅ Agent TRM_GLOBAL_AFFILIATE_RECRUITER completed scan.
[2026-07-26 13:43:53,960] [MASTER_CONTROLLER] INFO: ✅ 'TRMGlobalAffiliateRecruiterAgent' başarıyla tetiklendi.
[2026-07-26 13:43:53,965] [trm_agents.human_auditor_agent] INFO: 🚀 Agent TRM_HUMAN_AUDITOR (#163) starting...
[2026-07-26 13:43:53,965] [trm_agents.human_auditor_agent] INFO: 🎙️ Sesli mülakat başlatılıyor: Ahmet Yılmaz
[2026-07-26 13:43:53,965] [trm_agents.human_auditor_agent] INFO: 📋 Anaç ve şefkatli mülakat soruları oluşturuldu: 5 soru
[2026-07-26 13:43:53,965] [trm_agents.human_auditor_agent] INFO: 🚀 Starting audit process for Ahmet Yılmaz...
[2026-07-26 13:43:53,965] [trm_agents.human_auditor_agent] INFO: 🔍 Analyzing applicant psychology using simulated NLP...
[2026-07-26 13:43:53,965] [trm_agents.human_auditor_agent] INFO: ✅ Psychology analysis complete! Decision: APPROVED, Overall Score: 99.1
[2026-07-26 13:43:53,981] [trm_agents.human_auditor_agent] INFO: ✅ Audit saved to local database.
[2026-07-26 13:43:53,982] [trm_agents.human_auditor_agent] INFO: 📤 (Simulated) Saving audit to Google Drive spreadsheet: Müracaat_Degerlendirme
[2026-07-26 13:43:53,982] [trm_agents.human_auditor_agent] INFO: ✅ Agent TRM_HUMAN_AUDITOR completed simulated audit with motherly warmth.
[2026-07-26 13:43:53,982] [MASTER_CONTROLLER] INFO: ✅ 'TRMHumanAuditorAgent' başarıyla tetiklendi.
[2026-07-26 13:43:53,989] [utils.config_loader] INFO: Config yüklendi: C:\Users\Habitat\Desktop\SOSYAL _İMECE\config\global_config.json, max ajan sayısı: 165
[2026-07-26 13:43:54,013] [MASTER_CONTROLLER] INFO: ✅ 'IcerikAgent' başarıyla tetiklendi.
[2026-07-26 13:43:54,020] [utils.config_loader] INFO: Config yüklendi: C:\Users\Habitat\Desktop\SOSYAL _İMECE\config\global_config.json, max ajan sayısı: 165
[2026-07-26 13:43:54,020] [LegalShieldAgent-203] INFO: ⚖️ LegalShieldAgent-203 çalışmaya başladı
[2026-07-26 13:43:54,020] [LegalShieldAgent-203] WARNING: ⚠️ Hukuki sınır aşımı tespit edildi: dolandırıcılık
[2026-07-26 13:43:54,020] [LegalShieldAgent-203] INFO: 📜 Yasal uyarı hazırlandı: anonim_kullanici1 (twitter)
[2026-07-26 13:43:54,020] [LegalShieldAgent-203] INFO: 📁 Delil dosyası hazırlandı: DELIL-203-20260726134354
[2026-07-26 13:43:54,022] [LegalShieldAgent-203] INFO: 📊 Hukuki rapor oluşturuldu: reports\legal_shield_rapor_203_20260726_134354.json
[2026-07-26 13:43:54,022] [LegalShieldAgent-203] INFO: ✅ 1 yasal uyarı ve 1 delil dosyası hazırlandı
[2026-07-26 13:43:54,022] [LegalShieldAgent-203] INFO: ⚡ CPU Yükü: 30%, API Gecikme: 112ms
[2026-07-26 13:43:54,022] [MASTER_CONTROLLER] INFO: ✅ 'LegalShieldAgent' başarıyla tetiklendi.
[2026-07-26 13:43:54,030] [MyNewAgent] INFO: 🔄 Çalıştırılıyor...
[2026-07-26 13:43:54,030] [MASTER_CONTROLLER] INFO: ✅ 'MyNewAgent' başarıyla tetiklendi.
[2026-07-26 13:43:54,034] [utils.config_loader] INFO: Config yüklendi: C:\Users\Habitat\Desktop\SOSYAL _İMECE\config\global_config.json, max ajan sayısı: 165
[2026-07-26 13:43:54,034] [PublicBenefitAnalystAgent-205] INFO: 📊 PublicBenefitAnalystAgent-205 çalışmaya başladı
[2026-07-26 13:43:54,036] [PublicBenefitAnalystAgent-205] INFO: 💰 Ekonomik analiz tamamlandı: Kar Marjı %64.0
[2026-07-26 13:43:54,036] [PublicBenefitAnalystAgent-205] INFO: 👥 Toplumsal analiz tamamlandı: 1250 kişi faydalandı
[2026-07-26 13:43:54,036] [PublicBenefitAnalystAgent-205] INFO: 📈 Etki analizi tamamlandı: Etki Skoru 100
[2026-07-26 13:43:54,036] [PublicBenefitAnalystAgent-205] INFO: 💰 Ekonomik analiz tamamlandı: Kar Marjı %64.0
[2026-07-26 13:43:54,036] [PublicBenefitAnalystAgent-205] INFO: 👥 Toplumsal analiz tamamlandı: 1250 kişi faydalandı
[2026-07-26 13:43:54,036] [PublicBenefitAnalystAgent-205] INFO: 📈 Etki analizi tamamlandı: Etki Skoru 100
[2026-07-26 13:43:54,037] [PublicBenefitAnalystAgent-205] INFO: 📋 Kamuoyu raporu hazırlandı
[2026-07-26 13:43:54,039] [PublicBenefitAnalystAgent-205] INFO: 💾 Rapor kaydedildi: reports\public_benefit_rapor_205_20260726_134354.json
[2026-07-26 13:43:54,039] [PublicBenefitAnalystAgent-205] INFO: ✅ Etki analizi ve kamuoyu raporu tamamlandı
[2026-07-26 13:43:54,039] [PublicBenefitAnalystAgent-205] INFO: 📈 Etki Skoru: 100
[2026-07-26 13:43:54,039] [PublicBenefitAnalystAgent-205] INFO: ⚡ CPU Yükü: 22%, API Gecikme: 95ms
[2026-07-26 13:43:54,039] [MASTER_CONTROLLER] INFO: ✅ 'PublicBenefitAnalystAgent' başarıyla tetiklendi.
[2026-07-26 13:43:54,043] [utils.config_loader] INFO: Config yüklendi: C:\Users\Habitat\Desktop\SOSYAL _İMECE\config\global_config.json, max ajan sayısı: 165
[2026-07-26 13:43:54,043] [SentinelGuardAgent-201] INFO: 🛡️ SentinelGuardAgent-201 çalışmaya başladı
[2026-07-26 13:43:54,043] [SentinelGuardAgent-201] WARNING: ⚠️ facebook'da tehdit tespit edildi: dolandırıcılık
[2026-07-26 13:43:54,043] [SentinelGuardAgent-201] WARNING: ⚠️ youtube'da tehdit tespit edildi: dolandırıcılık
[2026-07-26 13:43:54,043] [SentinelGuardAgent-201] WARNING: ⚠️ reddit'da tehdit tespit edildi: dolandırıcılık
[2026-07-26 13:43:54,043] [SentinelGuardAgent-201] WARNING: ⚠️ reddit'da tehdit tespit edildi: sahte
[2026-07-26 13:43:54,043] [SentinelGuardAgent-201] WARNING: ⚠️ reddit'da tehdit tespit edildi: kandırma
[2026-07-26 13:43:54,043] [SentinelGuardAgent-201] WARNING: ⚠️ linkedin'da tehdit tespit edildi: dolandırıcılık
[2026-07-26 13:43:54,043] [SentinelGuardAgent-201] WARNING: ⚠️ tiktok'da tehdit tespit edildi: dolandırıcılık
[2026-07-26 13:43:54,043] [SentinelGuardAgent-201] INFO: 🔍 Tehdit analiz edildi: Resmi açıklama ve hukuki uyarı gönderme
[2026-07-26 13:43:54,046] [SentinelGuardAgent-201] INFO: 🔍 Tehdit analiz edildi: İzleme ve takip etme
[2026-07-26 13:43:54,046] [SentinelGuardAgent-201] INFO: 🔍 Tehdit analiz edildi: Resmi açıklama ve hukuki uyarı gönderme
[2026-07-26 13:43:54,046] [SentinelGuardAgent-201] INFO: 🔍 Tehdit analiz edildi: İçerik raporlama ve platform bildirimi
[2026-07-26 13:43:54,046] [SentinelGuardAgent-201] INFO: 🔍 Tehdit analiz edildi: İzleme ve takip etme
[2026-07-26 13:43:54,046] [SentinelGuardAgent-201] INFO: 🔍 Tehdit analiz edildi: İçerik raporlama ve platform bildirimi
[2026-07-26 13:43:54,046] [SentinelGuardAgent-201] INFO: 🔍 Tehdit analiz edildi: Resmi açıklama ve hukuki uyarı gönderme
[2026-07-26 13:43:54,047] [SentinelGuardAgent-201] INFO: 📊 Rapor oluşturuldu: reports\sentinel_guard_rapor_201_20260726_134354.json
[2026-07-26 13:43:54,047] [SentinelGuardAgent-201] INFO: ✅ 7 tehdit tespit edildi ve raporlandı
[2026-07-26 13:43:54,047] [SentinelGuardAgent-201] INFO: ⚡ CPU Yükü: 50%, API Gecikme: 150ms
[2026-07-26 13:43:54,047] [MASTER_CONTROLLER] INFO: ✅ 'SentinelGuardAgent' başarıyla tetiklendi.
[2026-07-26 13:43:54,052] [utils.config_loader] INFO: Config yüklendi: C:\Users\Habitat\Desktop\SOSYAL _İMECE\config\global_config.json, max ajan sayısı: 165
[2026-07-26 13:43:54,114] [MASTER_CONTROLLER] INFO: ✅ 'SeoAgent' başarıyla tetiklendi.
[2026-07-26 13:43:54,126] [utils.config_loader] INFO: Config yüklendi: C:\Users\Habitat\Desktop\SOSYAL _İMECE\config\global_config.json, max ajan sayısı: 165
[2026-07-26 13:43:54,127] [SocialAccountAutomationAgent-207] INFO: 🚀 SocialAccountAutomationAgent-207 aktif görev döngüsünde...
[2026-07-26 13:43:54,127] [SocialAccountAutomationAgent-207] INFO: ✅ T.C. kimlik fotoğrafı ve telefon doğrulaması başarılı.
[2026-07-26 13:43:54,129] [SocialAccountAutomationAgent-207] INFO: 📄 Ayrı sözleşme üretildi. Onay kodu bekleniyor.
[2026-07-26 13:43:54,129] [SocialAccountAutomationAgent-207] INFO: ✅ Kullanıcı ayrı sözleşmeyi onayladı: 3ce79b8765460a234c58e0bcddc3ba74
[2026-07-26 13:43:54,129] [SocialAccountAutomationAgent-207] INFO: 🔓 FACEBOOK hesabı başarıyla açıldı: sosyal_imece_facebook_123406777
[2026-07-26 13:43:54,129] [SocialAccountAutomationAgent-207] WARNING: 🚫 KRİTİK: Parola veritabanında/logda saklanmadı.
[2026-07-26 13:43:54,131] [SocialAccountAutomationAgent-207] INFO: 📤 Hesap bilgileri güvenli kanal (sms/telegram) ile vatandaşa teslim edildi.
[2026-07-26 13:43:54,131] [SocialAccountAutomationAgent-207] WARNING: 🗑️ Geçici şifre verileri bellekten tamamen imha edildi.
[2026-07-26 13:43:54,131] [SocialAccountAutomationAgent-207] INFO: 🔓 INSTAGRAM hesabı başarıyla açıldı: sosyal_imece_instagram_12333d328
[2026-07-26 13:43:54,131] [SocialAccountAutomationAgent-207] WARNING: 🚫 KRİTİK: Parola veritabanında/logda saklanmadı.
[2026-07-26 13:43:54,132] [SocialAccountAutomationAgent-207] INFO: 📤 Hesap bilgileri güvenli kanal (sms/telegram) ile vatandaşa teslim edildi.
[2026-07-26 13:43:54,132] [SocialAccountAutomationAgent-207] WARNING: 🗑️ Geçici şifre verileri bellekten tamamen imha edildi.
[2026-07-26 13:43:54,132] [SocialAccountAutomationAgent-207] INFO: 🔓 TIKTOK hesabı başarıyla açıldı: sosyal_imece_tiktok_123bfe133
[2026-07-26 13:43:54,132] [SocialAccountAutomationAgent-207] WARNING: 🚫 KRİTİK: Parola veritabanında/logda saklanmadı.
[2026-07-26 13:43:54,132] [SocialAccountAutomationAgent-207] INFO: 📤 Hesap bilgileri güvenli kanal (sms/telegram) ile vatandaşa teslim edildi.
[2026-07-26 13:43:54,132] [SocialAccountAutomationAgent-207] WARNING: 🗑️ Geçici şifre verileri bellekten tamamen imha edildi.
[2026-07-26 13:43:54,132] [SocialAccountAutomationAgent-207] INFO: 🔓 TELEGRAM hesabı başarıyla açıldı: sosyal_imece_telegram_123bed001
[2026-07-26 13:43:54,132] [SocialAccountAutomationAgent-207] WARNING: 🚫 KRİTİK: Parola veritabanında/logda saklanmadı.
[2026-07-26 13:43:54,132] [SocialAccountAutomationAgent-207] INFO: 📤 Hesap bilgileri güvenli kanal (sms/telegram) ile vatandaşa teslim edildi.
[2026-07-26 13:43:54,132] [SocialAccountAutomationAgent-207] WARNING: 🗑️ Geçici şifre verileri bellekten tamamen imha edildi.
[2026-07-26 13:43:54,132] [SocialAccountAutomationAgent-207] INFO: 🔓 YOUTUBE hesabı başarıyla açıldı: sosyal_imece_youtube_123e4ac0b
[2026-07-26 13:43:54,132] [SocialAccountAutomationAgent-207] WARNING: 🚫 KRİTİK: Parola veritabanında/logda saklanmadı.
[2026-07-26 13:43:54,132] [SocialAccountAutomationAgent-207] INFO: 📤 Hesap bilgileri güvenli kanal (sms/telegram) ile vatandaşa teslim edildi.
[2026-07-26 13:43:54,132] [SocialAccountAutomationAgent-207] WARNING: 🗑️ Geçici şifre verileri bellekten tamamen imha edildi.
[2026-07-26 13:43:54,132] [SocialAccountAutomationAgent-207] INFO: 🔓 BLOG hesabı başarıyla açıldı: sosyal_imece_blog_1232b6481
[2026-07-26 13:43:54,132] [SocialAccountAutomationAgent-207] WARNING: 🚫 KRİTİK: Parola veritabanında/logda saklanmadı.
[2026-07-26 13:43:54,132] [SocialAccountAutomationAgent-207] INFO: 📤 Hesap bilgileri güvenli kanal (sms/telegram) ile vatandaşa teslim edildi.
[2026-07-26 13:43:54,132] [SocialAccountAutomationAgent-207] WARNING: 🗑️ Geçici şifre verileri bellekten tamamen imha edildi.
[2026-07-26 13:43:54,132] [SocialAccountAutomationAgent-207] INFO: ✨ Otomasyon süreci başarıyla tamamlandı. Rapor üretiliyor.
[2026-07-26 13:43:54,132] [SocialAccountAutomationAgent-207] INFO: 📊 Rapor kaydedildi: reports\social_account_automation_rapor_207_20260726_134354.json
[2026-07-26 13:43:54,141] [SocialAccountAutomationAgent-207] INFO: 🎯 Görev başarıyla sonuçlandırıldı. Sıfır parola kuralı korundu.
[2026-07-26 13:43:54,141] [MASTER_CONTROLLER] INFO: ✅ 'SocialAccountAutomationAgent' başarıyla tetiklendi.
[2026-07-26 13:43:54,149] [utils.config_loader] INFO: Config yüklendi: C:\Users\Habitat\Desktop\SOSYAL _İMECE\config\global_config.json, max ajan sayısı: 165
[2026-07-26 13:43:54,153] [SocialImecePortalAgent-208] INFO: 🌐 SocialImecePortalAgent-208 çalışmaya başladı
[2026-07-26 13:43:54,153] [SocialImecePortalAgent-208] INFO: ✅ Üye bulundu: Ahmet Yılmaz -> SIE-0001
[2026-07-26 13:43:54,153] [SocialImecePortalAgent-208] INFO: ✅ T.C. kimlik doğrulaması başarılı: 123***01
[2026-07-26 13:43:54,153] [SocialImecePortalAgent-208] INFO: 📱 Hesaplar getirildi: SIE-0001 - 6 hesap
[2026-07-26 13:43:54,153] [SocialImecePortalAgent-208] INFO: 📊 Aktivite takip edildi: facebook - SIE-0001
[2026-07-26 13:43:54,153] [SocialImecePortalAgent-208] INFO: 📊 Aktivite takip edildi: instagram - SIE-0001
[2026-07-26 13:43:54,153] [SocialImecePortalAgent-208] INFO: 📊 Aktivite takip edildi: tiktok - SIE-0001
[2026-07-26 13:43:54,153] [SocialImecePortalAgent-208] INFO: 📊 Aktivite takip edildi: telegram - SIE-0001
[2026-07-26 13:43:54,153] [SocialImecePortalAgent-208] INFO: 📊 Aktivite takip edildi: youtube - SIE-0001
[2026-07-26 13:43:54,153] [SocialImecePortalAgent-208] INFO: 📊 Aktivite takip edildi: blog - SIE-0001
[2026-07-26 13:43:54,156] [SocialImecePortalAgent-208] ERROR: ❌ Hata oluştu: name 'toplum_yorum' is not defined
[2026-07-26 13:43:54,156] [MASTER_CONTROLLER] INFO: ✅ 'SocialImecePortalAgent' başarıyla tetiklendi.
[2026-07-26 13:43:54,163] [Sosyal_Medya_Uploader] INFO: 🔄 Sosyal medya dağıtımı başlatılıyor...
[2026-07-26 13:43:54,164] [Sosyal_Medya_Uploader] INFO: 📁 Varsayılan video path: C:\Users\Habitat\Desktop\SOSYAL _İMECE\content/videos/default_video.mp4
[2026-07-26 13:43:54,164] [Sosyal_Medya_Uploader] INFO: 🌐 Varsayılan dil: tr
[2026-07-26 13:43:54,165] [Sosyal_Medya_Uploader] ERROR: ❌ Video dosyası bulunamadı: C:\Users\Habitat\Desktop\SOSYAL _İMECE\content/videos/default_video.mp4
[2026-07-26 13:43:54,165] [Sosyal_Medya_Uploader] WARNING: ⚠️ Yedek video da bulunamadı, simülasyon devam ediyor
[2026-07-26 13:43:54,165] [Sosyal_Medya_Uploader] WARNING: ⚠️ YouTube_Shorts için API anahtarı eksik, simülasyon modunda
[2026-07-26 13:43:54,165] [Sosyal_Medya_Uploader] INFO: 📤 Simülasyon: C:\Users\Habitat\Desktop\SOSYAL _İMECE\content/videos/default_video.mp4 → YouTube_Shorts (tr)
[2026-07-26 13:43:54,165] [Sosyal_Medya_Uploader] WARNING: ⚠️ TikTok için API anahtarı eksik, simülasyon modunda
[2026-07-26 13:43:54,165] [Sosyal_Medya_Uploader] INFO: 📤 Simülasyon: C:\Users\Habitat\Desktop\SOSYAL _İMECE\content/videos/default_video.mp4 → TikTok (tr)
[2026-07-26 13:43:54,165] [Sosyal_Medya_Uploader] WARNING: ⚠️ Instagram_Reels için API anahtarı eksik, simülasyon modunda
[2026-07-26 13:43:54,165] [Sosyal_Medya_Uploader] INFO: 📤 Simülasyon: C:\Users\Habitat\Desktop\SOSYAL _İMECE\content/videos/default_video.mp4 → Instagram_Reels (tr)
[2026-07-26 13:43:54,165] [Sosyal_Medya_Uploader] INFO: ✅ Dağıtım tamamlandı. 3 platform işlendi.
[2026-07-26 13:43:54,165] [MASTER_CONTROLLER] INFO: ✅ 'SocialUploaderAgent' başarıyla tetiklendi.
[2026-07-26 13:43:54,172] [utils.config_loader] INFO: Config yüklendi: C:\Users\Habitat\Desktop\SOSYAL _İMECE\config\global_config.json, max ajan sayısı: 165
[2026-07-26 13:43:54,172] [StorytellerAgent-204] INFO: 📖 StorytellerAgent-204 çalışmaya başladı
[2026-07-26 13:43:54,172] [StorytellerAgent-204] INFO: 📖 Hikaye seçildi: Ahmet Yılmaz
[2026-07-26 13:43:54,172] [StorytellerAgent-204] INFO: ✍️ Hikaye düzenlendi: twitter (280 karakter)
[2026-07-26 13:43:54,174] [StorytellerAgent-204] INFO: 📢 Hikaye yayınlandı: twitter
[2026-07-26 13:43:54,174] [StorytellerAgent-204] INFO: 📖 Hikaye seçildi: Mehmet Kaya
[2026-07-26 13:43:54,174] [StorytellerAgent-204] INFO: ✍️ Hikaye düzenlendi: facebook (879 karakter)
[2026-07-26 13:43:54,174] [StorytellerAgent-204] INFO: 📢 Hikaye yayınlandı: facebook
[2026-07-26 13:43:54,174] [StorytellerAgent-204] INFO: 📖 Hikaye seçildi: Ahmet Yılmaz
[2026-07-26 13:43:54,174] [StorytellerAgent-204] INFO: ✍️ Hikaye düzenlendi: instagram (895 karakter)
[2026-07-26 13:43:54,174] [StorytellerAgent-204] INFO: 📢 Hikaye yayınlandı: instagram
[2026-07-26 13:43:54,174] [StorytellerAgent-204] INFO: 📖 Hikaye seçildi: Mehmet Kaya
[2026-07-26 13:43:54,174] [StorytellerAgent-204] INFO: ✍️ Hikaye düzenlendi: linkedin (884 karakter)
[2026-07-26 13:43:54,174] [StorytellerAgent-204] INFO: 📢 Hikaye yayınlandı: linkedin
[2026-07-26 13:43:54,174] [StorytellerAgent-204] INFO: 📊 Hikaye raporu oluşturuldu: reports\storyteller_rapor_204_20260726_134354.json
[2026-07-26 13:43:54,174] [StorytellerAgent-204] INFO: ✅ 4 hikaye yayınlandı ve raporlandı
[2026-07-26 13:43:54,174] [StorytellerAgent-204] INFO: ⚡ CPU Yükü: 34%, API Gecikme: 121ms
[2026-07-26 13:43:54,174] [MASTER_CONTROLLER] INFO: ✅ 'StorytellerAgent' başarıyla tetiklendi.
[2026-07-26 13:43:54,182] [utils.config_loader] INFO: Config yüklendi: C:\Users\Habitat\Desktop\SOSYAL _İMECE\config\global_config.json, max ajan sayısı: 165
[2026-07-26 13:43:54,182] [TransparencyBroadcasterAgent-206] INFO: 📢 TransparencyBroadcasterAgent-206 çalışmaya başladı
[2026-07-26 13:43:54,182] [TransparencyBroadcasterAgent-206] INFO: 💰 Bütçe raporu hazırlandı: Toplam Gelir ₺1,250,000
[2026-07-26 13:43:54,182] [TransparencyBroadcasterAgent-206] INFO: 🎓 Burs dağıtım raporu hazırlandı: 3 burs ödendi
[2026-07-26 13:43:54,182] [TransparencyBroadcasterAgent-206] INFO: 📋 Kapsamlı şeffaflık raporu hazırlandı
[2026-07-26 13:43:54,184] [TransparencyBroadcasterAgent-206] INFO: 💾 Rapor kaydedildi: reports\transparency_rapor_206_20260726_134354.json
[2026-07-26 13:43:54,184] [TransparencyBroadcasterAgent-206] INFO: 📢 Rapor yayınlandı: web_sitesi - kapsamli_saydamlik_raporu
[2026-07-26 13:43:54,185] [TransparencyBroadcasterAgent-206] INFO: 📢 Rapor yayınlandı: twitter - kapsamli_saydamlik_raporu
[2026-07-26 13:43:54,185] [TransparencyBroadcasterAgent-206] INFO: 📢 Rapor yayınlandı: facebook - kapsamli_saydamlik_raporu
[2026-07-26 13:43:54,185] [TransparencyBroadcasterAgent-206] INFO: 📢 Rapor yayınlandı: linkedin - kapsamli_saydamlik_raporu
[2026-07-26 13:43:54,185] [TransparencyBroadcasterAgent-206] INFO: ✅ Şeffaflık raporu hazırlandı ve 4 platformda yayınlandı
[2026-07-26 13:43:54,185] [TransparencyBroadcasterAgent-206] INFO: 📊 Maliye Uyumluluk Puanı: 100
[2026-07-26 13:43:54,185] [TransparencyBroadcasterAgent-206] INFO: 🔍 Şeffaflık Puanı: 100
[2026-07-26 13:43:54,185] [TransparencyBroadcasterAgent-206] INFO: ⚡ CPU Yükü: 32%, API Gecikme: 120ms
[2026-07-26 13:43:54,185] [MASTER_CONTROLLER] INFO: ✅ 'TransparencyBroadcasterAgent' başarıyla tetiklendi.
[2026-07-26 13:43:54,193] [MASTER_CONTROLLER] INFO: ✅ 'TRMAccountingAgent' başarıyla tetiklendi.
[2026-07-26 13:43:54,222] [MASTER_CONTROLLER] INFO: ✅ 'TRMGatekeeperAgent' başarıyla tetiklendi.
[2026-07-26 13:43:54,229] [trm_agents.trm_local_recruiter_agent] INFO: 🚀 Agent TRM_Local_Recruiter (#164) başlatılıyor...
[2026-07-26 13:43:54,229] [trm_agents.trm_local_recruiter_agent] INFO: 🔍 İstanbul piyasasında yerli firmalar taranıyor...
[2026-07-26 13:43:54,229] [trm_agents.trm_local_recruiter_agent] INFO: 🎯 4 yerli firma bulundu!
[2026-07-26 13:43:54,230] [trm_agents.trm_local_recruiter_agent] INFO: 🔍 Ankara piyasasında yerli firmalar taranıyor...
[2026-07-26 13:43:54,230] [trm_agents.trm_local_recruiter_agent] INFO: 🎯 4 yerli firma bulundu!
[2026-07-26 13:43:54,230] [trm_agents.trm_local_recruiter_agent] INFO: ✨ Yerli firma İstanbul Tekstil Atölyesi sistemimize katılmak istedi!
[2026-07-26 13:43:54,240] [trm_agents.trm_local_recruiter_agent] INFO: ✅ Yerli partner İstanbul Tekstil Atölyesi başarıyla sisteme eklendi!
[2026-07-26 13:43:54,240] [trm_agents.trm_local_recruiter_agent] INFO: 🔍 İzmir piyasasında yerli firmalar taranıyor...
[2026-07-26 13:43:54,243] [trm_agents.trm_local_recruiter_agent] INFO: 🎯 4 yerli firma bulundu!
[2026-07-26 13:43:54,243] [trm_agents.trm_local_recruiter_agent] INFO: 🔍 Bursa piyasasında yerli firmalar taranıyor...
[2026-07-26 13:43:54,243] [trm_agents.trm_local_recruiter_agent] INFO: 🎯 4 yerli firma bulundu!
[2026-07-26 13:43:54,243] [trm_agents.trm_local_recruiter_agent] INFO: 🔍 Antalya piyasasında yerli firmalar taranıyor...
[2026-07-26 13:43:54,243] [trm_agents.trm_local_recruiter_agent] INFO: 🎯 4 yerli firma bulundu!
[2026-07-26 13:43:54,243] [trm_agents.trm_local_recruiter_agent] INFO: 🔍 Adana piyasasında yerli firmalar taranıyor...
[2026-07-26 13:43:54,243] [trm_agents.trm_local_recruiter_agent] INFO: 🎯 4 yerli firma bulundu!
[2026-07-26 13:43:54,243] [trm_agents.trm_local_recruiter_agent] INFO: ✨ Yerli firma Bursa Ahşap Mobilya sistemimize katılmak istedi!
[2026-07-26 13:43:54,251] [trm_agents.trm_local_recruiter_agent] INFO: ✅ Yerli partner Bursa Ahşap Mobilya başarıyla sisteme eklendi!
[2026-07-26 13:43:54,251] [trm_agents.trm_local_recruiter_agent] INFO: 🔍 Konya piyasasında yerli firmalar taranıyor...
[2026-07-26 13:43:54,251] [trm_agents.trm_local_recruiter_agent] INFO: 🎯 4 yerli firma bulundu!
[2026-07-26 13:43:54,251] [trm_agents.trm_local_recruiter_agent] INFO: 🔍 Gaziantep piyasasında yerli firmalar taranıyor...
[2026-07-26 13:43:54,251] [trm_agents.trm_local_recruiter_agent] INFO: 🎯 4 yerli firma bulundu!
[2026-07-26 13:43:54,251] [trm_agents.trm_local_recruiter_agent] INFO: 🔍 Şanlıurfa piyasasında yerli firmalar taranıyor...
[2026-07-26 13:43:54,255] [trm_agents.trm_local_recruiter_agent] INFO: 🎯 4 yerli firma bulundu!
[2026-07-26 13:43:54,255] [trm_agents.trm_local_recruiter_agent] INFO: 🔍 Mersin piyasasında yerli firmalar taranıyor...
[2026-07-26 13:43:54,255] [trm_agents.trm_local_recruiter_agent] INFO: 🎯 4 yerli firma bulundu!
[2026-07-26 13:43:54,255] [trm_agents.trm_local_recruiter_agent] INFO: ✅ Agent TRM_Local_Recruiter taramasını tamamladı.
[2026-07-26 13:43:54,255] [MASTER_CONTROLLER] INFO: ✅ 'TRMLocalRecruiterAgent' başarıyla tetiklendi.
[2026-07-26 13:43:54,261] [MASTER_CONTROLLER] INFO: Karargah aktif! 19/165 ajan fiilen çalışıyor.
[2026-07-26 13:43:54,261] [MASTER_CONTROLLER] WARNING: ⚠️ Hedeflenen 165 ajanın 146 tanesi için henüz trm_agents paketinde kod yok. Bu ajanlar 'çalışıyor' olarak raporlanmıyor çünkü fiilen mevcut değiller.
[2026-07-26 13:43:54,261] [MASTER_CONTROLLER] INFO: Sistem durum raporu oluşturuldu: ./reports\system_status.json
[2026-07-26 13:52:41,443] [Sosyal_Medya_Uploader] INFO: ✅ global_config.json başarıyla yüklendi
[2026-07-26 13:52:41,443] [Sosyal_Medya_Uploader] INFO: 🚀 Sosyal_Medya_Uploader başlatılıyor...
[2026-07-26 13:52:41,443] [Sosyal_Medya_Uploader] INFO: 📁 Agent ID: None
[2026-07-26 13:52:41,443] [Sosyal_Medya_Uploader] WARNING: ⚠️ youtube_api_key için API anahtarı eksik
[2026-07-26 13:52:41,443] [Sosyal_Medya_Uploader] WARNING: ⚠️ tiktok_api_key için API anahtarı eksik
[2026-07-26 13:52:41,443] [Sosyal_Medya_Uploader] WARNING: ⚠️ instagram_access_token için API anahtarı eksik
[2026-07-26 13:52:41,443] [Sosyal_Medya_Uploader] WARNING: ⚠️ twitter_api_key için API anahtarı eksik
[2026-07-26 13:52:41,443] [Sosyal_Medya_Uploader] WARNING: ⚠️ twitter_api_secret için API anahtarı eksik
[2026-07-26 13:52:41,443] [Sosyal_Medya_Uploader] INFO: 📊 Platform durumu: {'youtube_api_key': False, 'tiktok_api_key': False, 'instagram_access_token': False, 'twitter_api_key': False, 'twitter_api_secret': False}
[2026-07-26 13:52:41,445] [Sosyal_Medya_Uploader] INFO: 📁 Varsayılan video: content/videos/default_video.mp4
[2026-07-26 13:52:41,445] [Sosyal_Medya_Uploader] INFO: 🌐 Varsayılan dil: tr
[2026-07-26 13:52:41,445] [Sosyal_Medya_Uploader] INFO: 💓 Heartbeat thread başlatıldı
[2026-07-26 13:52:41,445] [MASTER_CONTROLLER] INFO: ✅ 'SocialUploaderAgent' (trm_agents.social_uploader_agent) initialize edildi.
[2026-07-26 13:52:41,446] [utils.config_loader] INFO: Config yüklendi: C:\Users\Habitat\Desktop\SOSYAL _İMECE\config\global_config.json, max ajan sayısı: 165
[2026-07-26 13:52:41,446] [StorytellerAgent-204] INFO: 📖 StorytellerAgent-204 başlatılıyor...
[2026-07-26 13:52:41,446] [StorytellerAgent-204] INFO: 📚 Hikaye veritabanı yüklendi: 3 hikaye
[2026-07-26 13:52:41,446] [StorytellerAgent-204] INFO: 💬 Merhamet dili şablonları yüklendi: 4 şablon
[2026-07-26 13:52:41,446] [MASTER_CONTROLLER] INFO: ✅ 'StorytellerAgent' (trm_agents.storyteller_agent) initialize edildi.
[2026-07-26 13:52:41,446] [utils.config_loader] INFO: Config yüklendi: C:\Users\Habitat\Desktop\SOSYAL _İMECE\config\global_config.json, max ajan sayısı: 165
[2026-07-26 13:52:41,446] [TransparencyBroadcasterAgent-206] INFO: 📢 TransparencyBroadcasterAgent-206 başlatılıyor...
[2026-07-26 13:52:41,446] [TransparencyBroadcasterAgent-206] INFO: 💰 Bütçe verileri yüklendi: 8 kategori
[2026-07-26 13:52:41,448] [TransparencyBroadcasterAgent-206] INFO: 🎓 Burs dağıtım listesi yüklendi: 3 kayıt
[2026-07-26 13:52:41,448] [TransparencyBroadcasterAgent-206] INFO: 🌐 Yayın platformları yüklendi: 4 platform
[2026-07-26 13:52:41,448] [MASTER_CONTROLLER] INFO: ✅ 'TransparencyBroadcasterAgent' (trm_agents.transparency_broadcaster_agent) initialize edildi.
[2026-07-26 13:52:41,448] [MASTER_CONTROLLER] INFO: ✅ 'TRMAccountingAgent' (trm_agents.trm_accounting_agent) initialize edildi.
[2026-07-26 13:52:41,448] [MASTER_CONTROLLER] INFO: ✅ 'TRMGatekeeperAgent' (trm_agents.trm_gatekeeper_agent) initialize edildi.
[2026-07-26 13:52:41,448] [MASTER_CONTROLLER] INFO: ✅ 'TRMLocalRecruiterAgent' (trm_agents.trm_local_recruiter_agent) initialize edildi.
[2026-07-26 13:52:41,449] [MASTER_CONTROLLER] INFO: Otonom servisler sırayla devreye alınıyor...
[2026-07-26 13:52:41,449] [ContentCreator] INFO: 🔄 İçerik üretimi başlatılıyor...
[2026-07-26 13:52:41,449] [ContentCreator] INFO: 🎯 Varsayılan konu: {}
[2026-07-26 13:52:41,449] [ContentCreator] INFO: 🤖 İçerik üretiliyor: {}
[2026-07-26 13:52:43,450] [ContentCreator] INFO: 📤 İçerik YouTube_Shorts'a gönderiliyor...
[2026-07-26 13:52:43,952] [ContentCreator] INFO: 📤 İçerik TikTok'a gönderiliyor...
[2026-07-26 13:52:44,453] [ContentCreator] INFO: 📤 İçerik Instagram_Reels'a gönderiliyor...
[2026-07-26 13:52:44,955] [ContentCreator] INFO: ✅ İçerik üretildi ve 3 platforma gönderildi
[2026-07-26 13:52:44,955] [MASTER_CONTROLLER] INFO: ✅ 'ContentCreatorAgent' başarıyla tetiklendi.
[2026-07-26 13:52:44,969] [utils.config_loader] INFO: Config yüklendi: C:\Users\Habitat\Desktop\SOSYAL _İMECE\config\global_config.json, max ajan sayısı: 165
[2026-07-26 13:52:44,969] [FactCheckerAgent-202] INFO: 🔍 FactCheckerAgent-202 çalışmaya başladı
[2026-07-26 13:52:44,969] [FactCheckerAgent-202] WARNING: ❌ Asılsız iddia tespit edildi: Sosyal İmece bir dolandırıcılık şemasıdır...
[2026-07-26 13:52:44,970] [FactCheckerAgent-202] INFO: ✅ Doğru bilgi tespit edildi: UTEYKDER resmi bir dernektir...
[2026-07-26 13:52:44,971] [FactCheckerAgent-202] WARNING: ❌ Asılsız iddia tespit edildi: İnsanlardan para zorla alıyorlar...
[2026-07-26 13:52:44,973] [FactCheckerAgent-202] INFO: 📊 Doğrulama raporu oluşturuldu: reports\fact_checker_rapor_202_20260726_135244.json
[2026-07-26 13:52:44,973] [FactCheckerAgent-202] INFO: ✅ 4 iddia kontrol edildi ve raporlandı
[2026-07-26 13:52:44,973] [FactCheckerAgent-202] INFO: ⚡ CPU Yükü: 32%, API Gecikme: 122ms
[2026-07-26 13:52:44,973] [MASTER_CONTROLLER] INFO: ✅ 'FactCheckerAgent' başarıyla tetiklendi.
[2026-07-26 13:52:44,979] [utils.config_loader] INFO: Config yüklendi: C:\Users\Habitat\Desktop\SOSYAL _İMECE\config\global_config.json, max ajan sayısı: 165
[2026-07-26 13:52:44,981] [MASTER_CONTROLLER] INFO: ✅ 'FinansAgent' başarıyla tetiklendi.
[2026-07-26 13:52:44,988] [trm_agents.global_affiliate_recruiter_agent] INFO: 🚀 Agent TRM_GLOBAL_AFFILIATE_RECRUITER (#162) starting...
[2026-07-26 13:52:44,988] [trm_agents.global_affiliate_recruiter_agent] INFO: 🔍 Scanning TR market for potential affiliate partners...
[2026-07-26 13:52:44,988] [trm_agents.global_affiliate_recruiter_agent] INFO: 🎯 Found 5 potential partners!
[2026-07-26 13:52:44,988] [trm_agents.global_affiliate_recruiter_agent] INFO: 🔍 Scanning US market for potential affiliate partners...
[2026-07-26 13:52:44,988] [trm_agents.global_affiliate_recruiter_agent] INFO: 🎯 Found 5 potential partners!
[2026-07-26 13:52:44,988] [trm_agents.global_affiliate_recruiter_agent] INFO: 🔍 Scanning EU market for potential affiliate partners...
[2026-07-26 13:52:44,988] [trm_agents.global_affiliate_recruiter_agent] INFO: 🎯 Found 5 potential partners!
[2026-07-26 13:52:44,988] [trm_agents.global_affiliate_recruiter_agent] INFO: ✨ Partner Istanbul Commerce Collective showed interest!
[2026-07-26 13:52:45,006] [trm_agents.global_affiliate_recruiter_agent] INFO: ✅ New partner Istanbul Commerce Collective successfully added to system!
[2026-07-26 13:52:45,006] [trm_agents.global_affiliate_recruiter_agent] INFO: 🔍 Scanning UK market for potential affiliate partners...
[2026-07-26 13:52:45,008] [trm_agents.global_affiliate_recruiter_agent] INFO: 🎯 Found 5 potential partners!
[2026-07-26 13:52:45,008] [trm_agents.global_affiliate_recruiter_agent] INFO: 🔍 Scanning CA market for potential affiliate partners...
[2026-07-26 13:52:45,008] [trm_agents.global_affiliate_recruiter_agent] INFO: 🎯 Found 5 potential partners!
[2026-07-26 13:52:45,008] [trm_agents.global_affiliate_recruiter_agent] INFO: 🔍 Scanning AU market for potential affiliate partners...
[2026-07-26 13:52:45,008] [trm_agents.global_affiliate_recruiter_agent] INFO: 🎯 Found 5 potential partners!
[2026-07-26 13:52:45,008] [trm_agents.global_affiliate_recruiter_agent] INFO: ✅ Agent TRM_GLOBAL_AFFILIATE_RECRUITER completed scan.
[2026-07-26 13:52:45,008] [MASTER_CONTROLLER] INFO: ✅ 'TRMGlobalAffiliateRecruiterAgent' başarıyla tetiklendi.
[2026-07-26 13:52:45,019] [trm_agents.human_auditor_agent] INFO: 🚀 Agent TRM_HUMAN_AUDITOR (#163) starting...
[2026-07-26 13:52:45,021] [trm_agents.human_auditor_agent] INFO: 🎙️ Sesli mülakat başlatılıyor: Ahmet Yılmaz
[2026-07-26 13:52:45,021] [trm_agents.human_auditor_agent] INFO: 📋 Anaç ve şefkatli mülakat soruları oluşturuldu: 5 soru
[2026-07-26 13:52:45,021] [trm_agents.human_auditor_agent] INFO: 🚀 Starting audit process for Ahmet Yılmaz...
[2026-07-26 13:52:45,021] [trm_agents.human_auditor_agent] INFO: 🔍 Analyzing applicant psychology using simulated NLP...
[2026-07-26 13:52:45,021] [trm_agents.human_auditor_agent] INFO: ✅ Psychology analysis complete! Decision: APPROVED, Overall Score: 100.0
[2026-07-26 13:52:45,032] [trm_agents.human_auditor_agent] INFO: ✅ Audit saved to local database.
[2026-07-26 13:52:45,032] [trm_agents.human_auditor_agent] INFO: 📤 (Simulated) Saving audit to Google Drive spreadsheet: Müracaat_Degerlendirme
[2026-07-26 13:52:45,032] [trm_agents.human_auditor_agent] INFO: ✅ Agent TRM_HUMAN_AUDITOR completed simulated audit with motherly warmth.
[2026-07-26 13:52:45,032] [MASTER_CONTROLLER] INFO: ✅ 'TRMHumanAuditorAgent' başarıyla tetiklendi.
[2026-07-26 13:52:45,047] [utils.config_loader] INFO: Config yüklendi: C:\Users\Habitat\Desktop\SOSYAL _İMECE\config\global_config.json, max ajan sayısı: 165
[2026-07-26 13:52:45,117] [MASTER_CONTROLLER] INFO: ✅ 'IcerikAgent' başarıyla tetiklendi.
[2026-07-26 13:52:45,124] [utils.config_loader] INFO: Config yüklendi: C:\Users\Habitat\Desktop\SOSYAL _İMECE\config\global_config.json, max ajan sayısı: 165
[2026-07-26 13:52:45,124] [LegalShieldAgent-203] INFO: ⚖️ LegalShieldAgent-203 çalışmaya başladı
[2026-07-26 13:52:45,124] [LegalShieldAgent-203] WARNING: ⚠️ Hukuki sınır aşımı tespit edildi: dolandırıcılık
[2026-07-26 13:52:45,124] [LegalShieldAgent-203] INFO: 📜 Yasal uyarı hazırlandı: anonim_kullanici1 (twitter)
[2026-07-26 13:52:45,124] [LegalShieldAgent-203] INFO: 📁 Delil dosyası hazırlandı: DELIL-203-20260726135245
[2026-07-26 13:52:45,124] [LegalShieldAgent-203] INFO: 📊 Hukuki rapor oluşturuldu: reports\legal_shield_rapor_203_20260726_135245.json
[2026-07-26 13:52:45,124] [LegalShieldAgent-203] INFO: ✅ 1 yasal uyarı ve 1 delil dosyası hazırlandı
[2026-07-26 13:52:45,124] [LegalShieldAgent-203] INFO: ⚡ CPU Yükü: 30%, API Gecikme: 112ms
[2026-07-26 13:52:45,124] [MASTER_CONTROLLER] INFO: ✅ 'LegalShieldAgent' başarıyla tetiklendi.
[2026-07-26 13:52:45,135] [MyNewAgent] INFO: 🔄 Çalıştırılıyor...
[2026-07-26 13:52:45,135] [MASTER_CONTROLLER] INFO: ✅ 'MyNewAgent' başarıyla tetiklendi.
[2026-07-26 13:52:45,143] [utils.config_loader] INFO: Config yüklendi: C:\Users\Habitat\Desktop\SOSYAL _İMECE\config\global_config.json, max ajan sayısı: 165
[2026-07-26 13:52:45,143] [PublicBenefitAnalystAgent-205] INFO: 📊 PublicBenefitAnalystAgent-205 çalışmaya başladı
[2026-07-26 13:52:45,146] [PublicBenefitAnalystAgent-205] INFO: 💰 Ekonomik analiz tamamlandı: Kar Marjı %64.0
[2026-07-26 13:52:45,146] [PublicBenefitAnalystAgent-205] INFO: 👥 Toplumsal analiz tamamlandı: 1250 kişi faydalandı
[2026-07-26 13:52:45,146] [PublicBenefitAnalystAgent-205] INFO: 📈 Etki analizi tamamlandı: Etki Skoru 100
[2026-07-26 13:52:45,146] [PublicBenefitAnalystAgent-205] INFO: 💰 Ekonomik analiz tamamlandı: Kar Marjı %64.0
[2026-07-26 13:52:45,146] [PublicBenefitAnalystAgent-205] INFO: 👥 Toplumsal analiz tamamlandı: 1250 kişi faydalandı
[2026-07-26 13:52:45,146] [PublicBenefitAnalystAgent-205] INFO: 📈 Etki analizi tamamlandı: Etki Skoru 100
[2026-07-26 13:52:45,146] [PublicBenefitAnalystAgent-205] INFO: 📋 Kamuoyu raporu hazırlandı
[2026-07-26 13:52:45,146] [PublicBenefitAnalystAgent-205] INFO: 💾 Rapor kaydedildi: reports\public_benefit_rapor_205_20260726_135245.json
[2026-07-26 13:52:45,146] [PublicBenefitAnalystAgent-205] INFO: ✅ Etki analizi ve kamuoyu raporu tamamlandı
[2026-07-26 13:52:45,146] [PublicBenefitAnalystAgent-205] INFO: 📈 Etki Skoru: 100
[2026-07-26 13:52:45,146] [PublicBenefitAnalystAgent-205] INFO: ⚡ CPU Yükü: 22%, API Gecikme: 95ms
[2026-07-26 13:52:45,146] [MASTER_CONTROLLER] INFO: ✅ 'PublicBenefitAnalystAgent' başarıyla tetiklendi.
[2026-07-26 13:52:45,156] [utils.config_loader] INFO: Config yüklendi: C:\Users\Habitat\Desktop\SOSYAL _İMECE\config\global_config.json, max ajan sayısı: 165
[2026-07-26 13:52:45,156] [SentinelGuardAgent-201] INFO: 🛡️ SentinelGuardAgent-201 çalışmaya başladı
[2026-07-26 13:52:45,156] [SentinelGuardAgent-201] WARNING: ⚠️ twitter'da tehdit tespit edildi: dolandırıcılık
[2026-07-26 13:52:45,156] [SentinelGuardAgent-201] WARNING: ⚠️ twitter'da tehdit tespit edildi: sahte
[2026-07-26 13:52:45,156] [SentinelGuardAgent-201] WARNING: ⚠️ twitter'da tehdit tespit edildi: kandırma
[2026-07-26 13:52:45,158] [SentinelGuardAgent-201] WARNING: ⚠️ youtube'da tehdit tespit edildi: dolandırıcılık
[2026-07-26 13:52:45,158] [SentinelGuardAgent-201] WARNING: ⚠️ youtube'da tehdit tespit edildi: sahte
[2026-07-26 13:52:45,158] [SentinelGuardAgent-201] WARNING: ⚠️ youtube'da tehdit tespit edildi: kandırma
[2026-07-26 13:52:45,158] [SentinelGuardAgent-201] WARNING: ⚠️ reddit'da tehdit tespit edildi: dolandırıcılık
[2026-07-26 13:52:45,158] [SentinelGuardAgent-201] WARNING: ⚠️ linkedin'da tehdit tespit edildi: dolandırıcılık
[2026-07-26 13:52:45,158] [SentinelGuardAgent-201] WARNING: ⚠️ linkedin'da tehdit tespit edildi: sahte
[2026-07-26 13:52:45,158] [SentinelGuardAgent-201] WARNING: ⚠️ linkedin'da tehdit tespit edildi: kandırma
[2026-07-26 13:52:45,158] [SentinelGuardAgent-201] WARNING: ⚠️ telegram'da tehdit tespit edildi: dolandırıcılık
[2026-07-26 13:52:45,158] [SentinelGuardAgent-201] WARNING: ⚠️ telegram'da tehdit tespit edildi: sahte
[2026-07-26 13:52:45,158] [SentinelGuardAgent-201] WARNING: ⚠️ telegram'da tehdit tespit edildi: kandırma
[2026-07-26 13:52:45,158] [SentinelGuardAgent-201] INFO: 🔍 Tehdit analiz edildi: İzleme ve takip etme
[2026-07-26 13:52:45,160] [SentinelGuardAgent-201] INFO: 🔍 Tehdit analiz edildi: Acil yasal müdahale ve hukuki süreç başlatma
[2026-07-26 13:52:45,160] [SentinelGuardAgent-201] INFO: 🔍 Tehdit analiz edildi: İçerik raporlama ve platform bildirimi
[2026-07-26 13:52:45,160] [SentinelGuardAgent-201] INFO: 🔍 Tehdit analiz edildi: İçerik raporlama ve platform bildirimi
[2026-07-26 13:52:45,160] [SentinelGuardAgent-201] INFO: 🔍 Tehdit analiz edildi: Acil yasal müdahale ve hukuki süreç başlatma
[2026-07-26 13:52:45,160] [SentinelGuardAgent-201] INFO: 🔍 Tehdit analiz edildi: İzleme ve takip etme
[2026-07-26 13:52:45,160] [SentinelGuardAgent-201] INFO: 🔍 Tehdit analiz edildi: Resmi açıklama ve hukuki uyarı gönderme
[2026-07-26 13:52:45,160] [SentinelGuardAgent-201] INFO: 🔍 Tehdit analiz edildi: Acil yasal müdahale ve hukuki süreç başlatma
[2026-07-26 13:52:45,160] [SentinelGuardAgent-201] INFO: 🔍 Tehdit analiz edildi: Resmi açıklama ve hukuki uyarı gönderme
[2026-07-26 13:52:45,160] [SentinelGuardAgent-201] INFO: 🔍 Tehdit analiz edildi: İçerik raporlama ve platform bildirimi
[2026-07-26 13:52:45,160] [SentinelGuardAgent-201] INFO: 🔍 Tehdit analiz edildi: Acil yasal müdahale ve hukuki süreç başlatma
[2026-07-26 13:52:45,160] [SentinelGuardAgent-201] INFO: 🔍 Tehdit analiz edildi: Resmi açıklama ve hukuki uyarı gönderme
[2026-07-26 13:52:45,160] [SentinelGuardAgent-201] INFO: 🔍 Tehdit analiz edildi: Acil yasal müdahale ve hukuki süreç başlatma
[2026-07-26 13:52:45,160] [SentinelGuardAgent-201] INFO: 📊 Rapor oluşturuldu: reports\sentinel_guard_rapor_201_20260726_135245.json
[2026-07-26 13:52:45,160] [SentinelGuardAgent-201] INFO: ✅ 13 tehdit tespit edildi ve raporlandı
[2026-07-26 13:52:45,160] [SentinelGuardAgent-201] INFO: ⚡ CPU Yükü: 80%, API Gecikme: 210ms
[2026-07-26 13:52:45,160] [MASTER_CONTROLLER] INFO: ✅ 'SentinelGuardAgent' başarıyla tetiklendi.
[2026-07-26 13:52:45,165] [utils.config_loader] INFO: Config yüklendi: C:\Users\Habitat\Desktop\SOSYAL _İMECE\config\global_config.json, max ajan sayısı: 165
[2026-07-26 13:52:45,209] [MASTER_CONTROLLER] INFO: ✅ 'SeoAgent' başarıyla tetiklendi.
[2026-07-26 13:52:45,215] [utils.config_loader] INFO: Config yüklendi: C:\Users\Habitat\Desktop\SOSYAL _İMECE\config\global_config.json, max ajan sayısı: 165
[2026-07-26 13:52:45,215] [SocialAccountAutomationAgent-207] INFO: 🚀 SocialAccountAutomationAgent-207 aktif görev döngüsünde...
[2026-07-26 13:52:45,215] [SocialAccountAutomationAgent-207] INFO: ✅ T.C. kimlik fotoğrafı ve telefon doğrulaması başarılı.
[2026-07-26 13:52:45,220] [SocialAccountAutomationAgent-207] INFO: 📄 Ayrı sözleşme üretildi. Onay kodu bekleniyor.
[2026-07-26 13:52:45,220] [SocialAccountAutomationAgent-207] INFO: ✅ Kullanıcı ayrı sözleşmeyi onayladı: 9b4ae29b2d502b08b3bafe46622d611a
[2026-07-26 13:52:45,220] [SocialAccountAutomationAgent-207] INFO: 🔓 FACEBOOK hesabı başarıyla açıldı: sosyal_imece_facebook_123c8b74e
[2026-07-26 13:52:45,220] [SocialAccountAutomationAgent-207] WARNING: 🚫 KRİTİK: Parola veritabanında/logda saklanmadı.
[2026-07-26 13:52:45,220] [SocialAccountAutomationAgent-207] INFO: 📤 Hesap bilgileri güvenli kanal (sms/telegram) ile vatandaşa teslim edildi.
[2026-07-26 13:52:45,220] [SocialAccountAutomationAgent-207] WARNING: 🗑️ Geçici şifre verileri bellekten tamamen imha edildi.
[2026-07-26 13:52:45,220] [SocialAccountAutomationAgent-207] INFO: 🔓 INSTAGRAM hesabı başarıyla açıldı: sosyal_imece_instagram_123795dc2
[2026-07-26 13:52:45,220] [SocialAccountAutomationAgent-207] WARNING: 🚫 KRİTİK: Parola veritabanında/logda saklanmadı.
[2026-07-26 13:52:45,220] [SocialAccountAutomationAgent-207] INFO: 📤 Hesap bilgileri güvenli kanal (sms/telegram) ile vatandaşa teslim edildi.
[2026-07-26 13:52:45,220] [SocialAccountAutomationAgent-207] WARNING: 🗑️ Geçici şifre verileri bellekten tamamen imha edildi.
[2026-07-26 13:52:45,220] [SocialAccountAutomationAgent-207] INFO: 🔓 TIKTOK hesabı başarıyla açıldı: sosyal_imece_tiktok_1232e5df4
[2026-07-26 13:52:45,220] [SocialAccountAutomationAgent-207] WARNING: 🚫 KRİTİK: Parola veritabanında/logda saklanmadı.
[2026-07-26 13:52:45,220] [SocialAccountAutomationAgent-207] INFO: 📤 Hesap bilgileri güvenli kanal (sms/telegram) ile vatandaşa teslim edildi.
[2026-07-26 13:52:45,220] [SocialAccountAutomationAgent-207] WARNING: 🗑️ Geçici şifre verileri bellekten tamamen imha edildi.
[2026-07-26 13:52:45,220] [SocialAccountAutomationAgent-207] INFO: 🔓 TELEGRAM hesabı başarıyla açıldı: sosyal_imece_telegram_1232c8e91
[2026-07-26 13:52:45,220] [SocialAccountAutomationAgent-207] WARNING: 🚫 KRİTİK: Parola veritabanında/logda saklanmadı.
[2026-07-26 13:52:45,220] [SocialAccountAutomationAgent-207] INFO: 📤 Hesap bilgileri güvenli kanal (sms/telegram) ile vatandaşa teslim edildi.
[2026-07-26 13:52:45,220] [SocialAccountAutomationAgent-207] WARNING: 🗑️ Geçici şifre verileri bellekten tamamen imha edildi.
[2026-07-26 13:52:45,220] [SocialAccountAutomationAgent-207] INFO: 🔓 YOUTUBE hesabı başarıyla açıldı: sosyal_imece_youtube_1232bdbd8
[2026-07-26 13:52:45,220] [SocialAccountAutomationAgent-207] WARNING: 🚫 KRİTİK: Parola veritabanında/logda saklanmadı.
[2026-07-26 13:52:45,220] [SocialAccountAutomationAgent-207] INFO: 📤 Hesap bilgileri güvenli kanal (sms/telegram) ile vatandaşa teslim edildi.
[2026-07-26 13:52:45,220] [SocialAccountAutomationAgent-207] WARNING: 🗑️ Geçici şifre verileri bellekten tamamen imha edildi.
[2026-07-26 13:52:45,220] [SocialAccountAutomationAgent-207] INFO: 🔓 BLOG hesabı başarıyla açıldı: sosyal_imece_blog_12358d556
[2026-07-26 13:52:45,220] [SocialAccountAutomationAgent-207] WARNING: 🚫 KRİTİK: Parola veritabanında/logda saklanmadı.
[2026-07-26 13:52:45,220] [SocialAccountAutomationAgent-207] INFO: 📤 Hesap bilgileri güvenli kanal (sms/telegram) ile vatandaşa teslim edildi.
[2026-07-26 13:52:45,225] [SocialAccountAutomationAgent-207] WARNING: 🗑️ Geçici şifre verileri bellekten tamamen imha edildi.
[2026-07-26 13:52:45,225] [SocialAccountAutomationAgent-207] INFO: ✨ Otomasyon süreci başarıyla tamamlandı. Rapor üretiliyor.
[2026-07-26 13:52:45,225] [SocialAccountAutomationAgent-207] INFO: 📊 Rapor kaydedildi: reports\social_account_automation_rapor_207_20260726_135245.json
[2026-07-26 13:52:45,225] [SocialAccountAutomationAgent-207] INFO: 🎯 Görev başarıyla sonuçlandırıldı. Sıfır parola kuralı korundu.
[2026-07-26 13:52:45,225] [MASTER_CONTROLLER] INFO: ✅ 'SocialAccountAutomationAgent' başarıyla tetiklendi.
[2026-07-26 13:52:45,232] [utils.config_loader] INFO: Config yüklendi: C:\Users\Habitat\Desktop\SOSYAL _İMECE\config\global_config.json, max ajan sayısı: 165
[2026-07-26 13:52:45,232] [SocialImecePortalAgent-208] INFO: 🌐 SocialImecePortalAgent-208 çalışmaya başladı
[2026-07-26 13:52:45,232] [SocialImecePortalAgent-208] INFO: ✅ Üye bulundu: Ahmet Yılmaz -> SIE-0001
[2026-07-26 13:52:45,232] [SocialImecePortalAgent-208] INFO: ✅ T.C. kimlik doğrulaması başarılı: 123***01
[2026-07-26 13:52:45,232] [SocialImecePortalAgent-208] INFO: 📱 Hesaplar getirildi: SIE-0001 - 6 hesap
[2026-07-26 13:52:45,232] [SocialImecePortalAgent-208] INFO: 📊 Aktivite takip edildi: facebook - SIE-0001
[2026-07-26 13:52:45,232] [SocialImecePortalAgent-208] INFO: 📊 Aktivite takip edildi: instagram - SIE-0001
[2026-07-26 13:52:45,232] [SocialImecePortalAgent-208] INFO: 📊 Aktivite takip edildi: tiktok - SIE-0001
[2026-07-26 13:52:45,232] [SocialImecePortalAgent-208] INFO: 📊 Aktivite takip edildi: telegram - SIE-0001
[2026-07-26 13:52:45,232] [SocialImecePortalAgent-208] INFO: 📊 Aktivite takip edildi: youtube - SIE-0001
[2026-07-26 13:52:45,232] [SocialImecePortalAgent-208] INFO: 📊 Aktivite takip edildi: blog - SIE-0001
[2026-07-26 13:52:45,232] [SocialImecePortalAgent-208] ERROR: ❌ Hata oluştu: name 'toplum_yorum' is not defined
[2026-07-26 13:52:45,232] [MASTER_CONTROLLER] INFO: ✅ 'SocialImecePortalAgent' başarıyla tetiklendi.
[2026-07-26 13:52:45,236] [Sosyal_Medya_Uploader] INFO: 🔄 Sosyal medya dağıtımı başlatılıyor...
[2026-07-26 13:52:45,236] [Sosyal_Medya_Uploader] INFO: 📁 Varsayılan video path: C:\Users\Habitat\Desktop\SOSYAL _İMECE\content/videos/default_video.mp4
[2026-07-26 13:52:45,236] [Sosyal_Medya_Uploader] INFO: 🌐 Varsayılan dil: tr
[2026-07-26 13:52:45,236] [Sosyal_Medya_Uploader] ERROR: ❌ Video dosyası bulunamadı: C:\Users\Habitat\Desktop\SOSYAL _İMECE\content/videos/default_video.mp4
[2026-07-26 13:52:45,236] [Sosyal_Medya_Uploader] WARNING: ⚠️ Yedek video da bulunamadı, simülasyon devam ediyor
[2026-07-26 13:52:45,236] [Sosyal_Medya_Uploader] WARNING: ⚠️ YouTube_Shorts için API anahtarı eksik, simülasyon modunda
[2026-07-26 13:52:45,236] [Sosyal_Medya_Uploader] INFO: 📤 Simülasyon: C:\Users\Habitat\Desktop\SOSYAL _İMECE\content/videos/default_video.mp4 → YouTube_Shorts (tr)
[2026-07-26 13:52:45,236] [Sosyal_Medya_Uploader] WARNING: ⚠️ TikTok için API anahtarı eksik, simülasyon modunda
[2026-07-26 13:52:45,236] [Sosyal_Medya_Uploader] INFO: 📤 Simülasyon: C:\Users\Habitat\Desktop\SOSYAL _İMECE\content/videos/default_video.mp4 → TikTok (tr)
[2026-07-26 13:52:45,236] [Sosyal_Medya_Uploader] WARNING: ⚠️ Instagram_Reels için API anahtarı eksik, simülasyon modunda
[2026-07-26 13:52:45,236] [Sosyal_Medya_Uploader] INFO: 📤 Simülasyon: C:\Users\Habitat\Desktop\SOSYAL _İMECE\content/videos/default_video.mp4 → Instagram_Reels (tr)
[2026-07-26 13:52:45,236] [Sosyal_Medya_Uploader] INFO: ✅ Dağıtım tamamlandı. 3 platform işlendi.
[2026-07-26 13:52:45,236] [MASTER_CONTROLLER] INFO: ✅ 'SocialUploaderAgent' başarıyla tetiklendi.
[2026-07-26 13:52:45,247] [utils.config_loader] INFO: Config yüklendi: C:\Users\Habitat\Desktop\SOSYAL _İMECE\config\global_config.json, max ajan sayısı: 165
[2026-07-26 13:52:45,247] [StorytellerAgent-204] INFO: 📖 StorytellerAgent-204 çalışmaya başladı
[2026-07-26 13:52:45,247] [StorytellerAgent-204] INFO: 📖 Hikaye seçildi: Mehmet Kaya
[2026-07-26 13:52:45,247] [StorytellerAgent-204] INFO: ✍️ Hikaye düzenlendi: twitter (280 karakter)
[2026-07-26 13:52:45,247] [StorytellerAgent-204] INFO: 📢 Hikaye yayınlandı: twitter
[2026-07-26 13:52:45,247] [StorytellerAgent-204] INFO: 📖 Hikaye seçildi: Ahmet Yılmaz
[2026-07-26 13:52:45,247] [StorytellerAgent-204] INFO: ✍️ Hikaye düzenlendi: facebook (888 karakter)
[2026-07-26 13:52:45,247] [StorytellerAgent-204] INFO: 📢 Hikaye yayınlandı: facebook
[2026-07-26 13:52:45,247] [StorytellerAgent-204] INFO: 📖 Hikaye seçildi: Fatma Demir
[2026-07-26 13:52:45,247] [StorytellerAgent-204] INFO: ✍️ Hikaye düzenlendi: instagram (913 karakter)
[2026-07-26 13:52:45,247] [StorytellerAgent-204] INFO: 📢 Hikaye yayınlandı: instagram
[2026-07-26 13:52:45,247] [StorytellerAgent-204] INFO: 📖 Hikaye seçildi: Mehmet Kaya
[2026-07-26 13:52:45,247] [StorytellerAgent-204] INFO: ✍️ Hikaye düzenlendi: linkedin (884 karakter)
[2026-07-26 13:52:45,247] [StorytellerAgent-204] INFO: 📢 Hikaye yayınlandı: linkedin
[2026-07-26 13:52:45,247] [StorytellerAgent-204] INFO: 📊 Hikaye raporu oluşturuldu: reports\storyteller_rapor_204_20260726_135245.json
[2026-07-26 13:52:45,247] [StorytellerAgent-204] INFO: ✅ 4 hikaye yayınlandı ve raporlandı
[2026-07-26 13:52:45,247] [StorytellerAgent-204] INFO: ⚡ CPU Yükü: 34%, API Gecikme: 121ms
[2026-07-26 13:52:45,247] [MASTER_CONTROLLER] INFO: ✅ 'StorytellerAgent' başarıyla tetiklendi.
[2026-07-26 13:52:45,252] [utils.config_loader] INFO: Config yüklendi: C:\Users\Habitat\Desktop\SOSYAL _İMECE\config\global_config.json, max ajan sayısı: 165
[2026-07-26 13:52:45,252] [TransparencyBroadcasterAgent-206] INFO: 📢 TransparencyBroadcasterAgent-206 çalışmaya başladı
[2026-07-26 13:52:45,252] [TransparencyBroadcasterAgent-206] INFO: 💰 Bütçe raporu hazırlandı: Toplam Gelir ₺1,250,000
[2026-07-26 13:52:45,252] [TransparencyBroadcasterAgent-206] INFO: 🎓 Burs dağıtım raporu hazırlandı: 3 burs ödendi
[2026-07-26 13:52:45,252] [TransparencyBroadcasterAgent-206] INFO: 📋 Kapsamlı şeffaflık raporu hazırlandı
[2026-07-26 13:52:45,252] [TransparencyBroadcasterAgent-206] INFO: 💾 Rapor kaydedildi: reports\transparency_rapor_206_20260726_135245.json
[2026-07-26 13:52:45,252] [TransparencyBroadcasterAgent-206] INFO: 📢 Rapor yayınlandı: web_sitesi - kapsamli_saydamlik_raporu
[2026-07-26 13:52:45,252] [TransparencyBroadcasterAgent-206] INFO: 📢 Rapor yayınlandı: twitter - kapsamli_saydamlik_raporu
[2026-07-26 13:52:45,252] [TransparencyBroadcasterAgent-206] INFO: 📢 Rapor yayınlandı: facebook - kapsamli_saydamlik_raporu
[2026-07-26 13:52:45,252] [TransparencyBroadcasterAgent-206] INFO: 📢 Rapor yayınlandı: linkedin - kapsamli_saydamlik_raporu
[2026-07-26 13:52:45,258] [TransparencyBroadcasterAgent-206] INFO: ✅ Şeffaflık raporu hazırlandı ve 4 platformda yayınlandı
[2026-07-26 13:52:45,258] [TransparencyBroadcasterAgent-206] INFO: 📊 Maliye Uyumluluk Puanı: 100
[2026-07-26 13:52:45,258] [TransparencyBroadcasterAgent-206] INFO: 🔍 Şeffaflık Puanı: 100
[2026-07-26 13:52:45,258] [TransparencyBroadcasterAgent-206] INFO: ⚡ CPU Yükü: 32%, API Gecikme: 120ms
[2026-07-26 13:52:45,258] [MASTER_CONTROLLER] INFO: ✅ 'TransparencyBroadcasterAgent' başarıyla tetiklendi.
[2026-07-26 13:52:45,266] [MASTER_CONTROLLER] INFO: ✅ 'TRMAccountingAgent' başarıyla tetiklendi.
[2026-07-26 13:52:45,278] [MASTER_CONTROLLER] INFO: ✅ 'TRMGatekeeperAgent' başarıyla tetiklendi.
[2026-07-26 13:52:45,284] [trm_agents.trm_local_recruiter_agent] INFO: 🚀 Agent TRM_Local_Recruiter (#164) başlatılıyor...
[2026-07-26 13:52:45,284] [trm_agents.trm_local_recruiter_agent] INFO: 🔍 İstanbul piyasasında yerli firmalar taranıyor...
[2026-07-26 13:52:45,284] [trm_agents.trm_local_recruiter_agent] INFO: 🎯 4 yerli firma bulundu!
[2026-07-26 13:52:45,284] [trm_agents.trm_local_recruiter_agent] INFO: ✨ Yerli firma İstanbul Tekstil Atölyesi sistemimize katılmak istedi!
[2026-07-26 13:52:45,294] [trm_agents.trm_local_recruiter_agent] INFO: ✅ Yerli partner İstanbul Tekstil Atölyesi başarıyla sisteme eklendi!
[2026-07-26 13:52:45,294] [trm_agents.trm_local_recruiter_agent] INFO: 🔍 Ankara piyasasında yerli firmalar taranıyor...
[2026-07-26 13:52:45,294] [trm_agents.trm_local_recruiter_agent] INFO: 🎯 4 yerli firma bulundu!
[2026-07-26 13:52:45,294] [trm_agents.trm_local_recruiter_agent] INFO: 🔍 İzmir piyasasında yerli firmalar taranıyor...
[2026-07-26 13:52:45,294] [trm_agents.trm_local_recruiter_agent] INFO: 🎯 4 yerli firma bulundu!
[2026-07-26 13:52:45,294] [trm_agents.trm_local_recruiter_agent] INFO: 🔍 Bursa piyasasında yerli firmalar taranıyor...
[2026-07-26 13:52:45,294] [trm_agents.trm_local_recruiter_agent] INFO: 🎯 4 yerli firma bulundu!
[2026-07-26 13:52:45,296] [trm_agents.trm_local_recruiter_agent] INFO: 🔍 Antalya piyasasında yerli firmalar taranıyor...
[2026-07-26 13:52:45,296] [trm_agents.trm_local_recruiter_agent] INFO: 🎯 4 yerli firma bulundu!
[2026-07-26 13:52:45,296] [trm_agents.trm_local_recruiter_agent] INFO: 🔍 Adana piyasasında yerli firmalar taranıyor...
[2026-07-26 13:52:45,296] [trm_agents.trm_local_recruiter_agent] INFO: 🎯 4 yerli firma bulundu!
[2026-07-26 13:52:45,296] [trm_agents.trm_local_recruiter_agent] INFO: 🔍 Konya piyasasında yerli firmalar taranıyor...
[2026-07-26 13:52:45,296] [trm_agents.trm_local_recruiter_agent] INFO: 🎯 4 yerli firma bulundu!
[2026-07-26 13:52:45,296] [trm_agents.trm_local_recruiter_agent] INFO: 🔍 Gaziantep piyasasında yerli firmalar taranıyor...
[2026-07-26 13:52:45,296] [trm_agents.trm_local_recruiter_agent] INFO: 🎯 4 yerli firma bulundu!
[2026-07-26 13:52:45,296] [trm_agents.trm_local_recruiter_agent] INFO: 🔍 Şanlıurfa piyasasında yerli firmalar taranıyor...
[2026-07-26 13:52:45,296] [trm_agents.trm_local_recruiter_agent] INFO: 🎯 4 yerli firma bulundu!
[2026-07-26 13:52:45,296] [trm_agents.trm_local_recruiter_agent] INFO: 🔍 Mersin piyasasında yerli firmalar taranıyor...
[2026-07-26 13:52:45,296] [trm_agents.trm_local_recruiter_agent] INFO: 🎯 4 yerli firma bulundu!
[2026-07-26 13:52:45,296] [trm_agents.trm_local_recruiter_agent] INFO: ✅ Agent TRM_Local_Recruiter taramasını tamamladı.
[2026-07-26 13:52:45,296] [MASTER_CONTROLLER] INFO: ✅ 'TRMLocalRecruiterAgent' başarıyla tetiklendi.
[2026-07-26 13:52:45,300] [MASTER_CONTROLLER] INFO: Karargah aktif! 19/165 ajan fiilen çalışıyor.
[2026-07-26 13:52:45,300] [MASTER_CONTROLLER] WARNING: ⚠️ Hedeflenen 165 ajanın 146 tanesi için henüz trm_agents paketinde kod yok. Bu ajanlar 'çalışıyor' olarak raporlanmıyor çünkü fiilen mevcut değiller.
[2026-07-26 13:52:45,300] [MASTER_CONTROLLER] INFO: Sistem durum raporu oluşturuldu: ./reports\system_status.json
[2026-08-29 23:36:28,050] [Sosyal_Medya_Uploader] INFO: ✅ global_config.json başarıyla yüklendi
[2026-08-29 23:36:28,050] [Sosyal_Medya_Uploader] INFO: 🚀 Sosyal_Medya_Uploader başlatılıyor...
[2026-08-29 23:36:28,050] [Sosyal_Medya_Uploader] INFO: 📁 Agent ID: None
[2026-08-29 23:36:28,050] [Sosyal_Medya_Uploader] WARNING: ⚠️ youtube_api_key için API anahtarı eksik
[2026-08-29 23:36:28,050] [Sosyal_Medya_Uploader] WARNING: ⚠️ tiktok_api_key için API anahtarı eksik
[2026-08-29 23:36:28,052] [Sosyal_Medya_Uploader] WARNING: ⚠️ instagram_access_token için API anahtarı eksik
[2026-08-29 23:36:28,052] [Sosyal_Medya_Uploader] WARNING: ⚠️ twitter_api_key için API anahtarı eksik
[2026-08-29 23:36:28,052] [Sosyal_Medya_Uploader] WARNING: ⚠️ twitter_api_secret için API anahtarı eksik
[2026-08-29 23:36:28,052] [Sosyal_Medya_Uploader] INFO: 📊 Platform durumu: {'youtube_api_key': False, 'tiktok_api_key': False, 'instagram_access_token': False, 'twitter_api_key': False, 'twitter_api_secret': False}
[2026-08-29 23:36:28,054] [Sosyal_Medya_Uploader] INFO: 📁 Varsayılan video: content/videos/default_video.mp4
[2026-08-29 23:36:28,054] [Sosyal_Medya_Uploader] INFO: 🌐 Varsayılan dil: tr
[2026-08-29 23:36:28,054] [Sosyal_Medya_Uploader] INFO: 💓 Heartbeat thread başlatıldı
[2026-08-29 23:36:28,054] [MASTER_CONTROLLER] INFO: ✅ 'SocialUploaderAgent' (trm_agents.social_uploader_agent) initialize edildi.
[2026-08-31 13:04:50,051] [Sosyal_Medya_Uploader] INFO: ✅ global_config.json başarıyla yüklendi
[2026-08-31 13:04:50,051] [Sosyal_Medya_Uploader] INFO: 🚀 Sosyal_Medya_Uploader başlatılıyor...
[2026-08-31 13:04:50,051] [Sosyal_Medya_Uploader] INFO: 📁 Agent ID: None
[2026-08-31 13:04:50,051] [Sosyal_Medya_Uploader] WARNING: ⚠️ youtube_api_key için API anahtarı eksik
[2026-08-31 13:04:50,051] [Sosyal_Medya_Uploader] WARNING: ⚠️ tiktok_api_key için API anahtarı eksik
[2026-08-31 13:04:50,051] [Sosyal_Medya_Uploader] WARNING: ⚠️ instagram_access_token için API anahtarı eksik
[2026-08-31 13:04:50,051] [Sosyal_Medya_Uploader] WARNING: ⚠️ twitter_api_key için API anahtarı eksik
[2026-08-31 13:04:50,051] [Sosyal_Medya_Uploader] WARNING: ⚠️ twitter_api_secret için API anahtarı eksik
[2026-08-31 13:04:50,051] [Sosyal_Medya_Uploader] INFO: 📊 Platform durumu: {'youtube_api_key': False, 'tiktok_api_key': False, 'instagram_access_token': False, 'twitter_api_key': False, 'twitter_api_secret': False}
[2026-08-31 13:04:50,051] [Sosyal_Medya_Uploader] INFO: 📁 Varsayılan video: content/videos/default_video.mp4
[2026-08-31 13:04:50,057] [Sosyal_Medya_Uploader] INFO: 🌐 Varsayılan dil: tr
[2026-08-31 13:04:50,057] [Sosyal_Medya_Uploader] INFO: 💓 Heartbeat thread başlatıldı
[2026-08-31 13:04:50,057] [MASTER_CONTROLLER] INFO: ✅ 'SocialUploaderAgent' (trm_agents.social_uploader_agent) initialize edildi.
[2026-08-31 23:48:36,353] [Sosyal_Medya_Uploader] INFO: ✅ global_config.json başarıyla yüklendi
[2026-08-31 23:48:36,353] [Sosyal_Medya_Uploader] INFO: 🚀 Sosyal_Medya_Uploader başlatılıyor...
[2026-08-31 23:48:36,353] [Sosyal_Medya_Uploader] INFO: 📁 Agent ID: None
[2026-08-31 23:48:36,353] [Sosyal_Medya_Uploader] WARNING: ⚠️ youtube_api_key için API anahtarı eksik
[2026-08-31 23:48:36,353] [Sosyal_Medya_Uploader] WARNING: ⚠️ tiktok_api_key için API anahtarı eksik
[2026-08-31 23:48:36,353] [Sosyal_Medya_Uploader] WARNING: ⚠️ instagram_access_token için API anahtarı eksik
[2026-08-31 23:48:36,353] [Sosyal_Medya_Uploader] WARNING: ⚠️ twitter_api_key için API anahtarı eksik
[2026-08-31 23:48:36,355] [Sosyal_Medya_Uploader] WARNING: ⚠️ twitter_api_secret için API anahtarı eksik
[2026-08-31 23:48:36,355] [Sosyal_Medya_Uploader] INFO: 📊 Platform durumu: {'youtube_api_key': False, 'tiktok_api_key': False, 'instagram_access_token': False, 'twitter_api_key': False, 'twitter_api_secret': False}
[2026-08-31 23:48:36,355] [Sosyal_Medya_Uploader] INFO: 📁 Varsayılan video: content/videos/default_video.mp4
[2026-08-31 23:48:36,355] [Sosyal_Medya_Uploader] INFO: 🌐 Varsayılan dil: tr
[2026-08-31 23:48:36,355] [Sosyal_Medya_Uploader] INFO: 💓 Heartbeat thread başlatıldı
[2026-08-31 23:48:36,355] [MASTER_CONTROLLER] INFO: ✅ 'SocialUploaderAgent' (trm_agents.social_uploader_agent) initialize edildi.
[2026-08-31 23:57:35,074] [Sosyal_Medya_Uploader] INFO: ✅ global_config.json başarıyla yüklendi
[2026-08-31 23:57:35,076] [Sosyal_Medya_Uploader] INFO: 🚀 Sosyal_Medya_Uploader başlatılıyor...
[2026-08-31 23:57:35,078] [Sosyal_Medya_Uploader] INFO: 📁 Agent ID: None
[2026-08-31 23:57:35,078] [Sosyal_Medya_Uploader] WARNING: ⚠️ youtube_api_key için API anahtarı eksik
[2026-08-31 23:57:35,078] [Sosyal_Medya_Uploader] WARNING: ⚠️ tiktok_api_key için API anahtarı eksik
[2026-08-31 23:57:35,078] [Sosyal_Medya_Uploader] WARNING: ⚠️ instagram_access_token için API anahtarı eksik
[2026-08-31 23:57:35,078] [Sosyal_Medya_Uploader] WARNING: ⚠️ twitter_api_key için API anahtarı eksik
[2026-08-31 23:57:35,078] [Sosyal_Medya_Uploader] WARNING: ⚠️ twitter_api_secret için API anahtarı eksik
[2026-08-31 23:57:35,078] [Sosyal_Medya_Uploader] INFO: 📊 Platform durumu: {'youtube_api_key': False, 'tiktok_api_key': False, 'instagram_access_token': False, 'twitter_api_key': False, 'twitter_api_secret': False}
[2026-08-31 23:57:35,079] [Sosyal_Medya_Uploader] INFO: 📁 Varsayılan video: content/videos/default_video.mp4
[2026-08-31 23:57:35,079] [Sosyal_Medya_Uploader] INFO: 🌐 Varsayılan dil: tr
[2026-08-31 23:57:35,079] [Sosyal_Medya_Uploader] INFO: 💓 Heartbeat thread başlatıldı
[2026-08-31 23:57:35,079] [MASTER_CONTROLLER] INFO: ✅ 'SocialUploaderAgent' (trm_agents.social_uploader_agent) initialize edildi.
[2026-09-01 00:15:28,536] [Sosyal_Medya_Uploader] INFO: ✅ global_config.json başarıyla yüklendi
[2026-09-01 00:15:28,536] [Sosyal_Medya_Uploader] INFO: 🚀 Sosyal_Medya_Uploader başlatılıyor...
[2026-09-01 00:15:28,536] [Sosyal_Medya_Uploader] INFO: 📁 Agent ID: None
[2026-09-01 00:15:28,536] [Sosyal_Medya_Uploader] WARNING: ⚠️ youtube_api_key için API anahtarı eksik
[2026-09-01 00:15:28,537] [Sosyal_Medya_Uploader] WARNING: ⚠️ tiktok_api_key için API anahtarı eksik
[2026-09-01 00:15:28,537] [Sosyal_Medya_Uploader] WARNING: ⚠️ instagram_access_token için API anahtarı eksik
[2026-09-01 00:15:28,537] [Sosyal_Medya_Uploader] WARNING: ⚠️ twitter_api_key için API anahtarı eksik
[2026-09-01 00:15:28,537] [Sosyal_Medya_Uploader] WARNING: ⚠️ twitter_api_secret için API anahtarı eksik
[2026-09-01 00:15:28,537] [Sosyal_Medya_Uploader] INFO: 📊 Platform durumu: {'youtube_api_key': False, 'tiktok_api_key': False, 'instagram_access_token': False, 'twitter_api_key': False, 'twitter_api_secret': False}
[2026-09-01 00:15:28,537] [Sosyal_Medya_Uploader] INFO: 📁 Varsayılan video: content/videos/default_video.mp4
[2026-09-01 00:15:28,537] [Sosyal_Medya_Uploader] INFO: 🌐 Varsayılan dil: tr
[2026-09-01 00:15:28,537] [Sosyal_Medya_Uploader] INFO: 💓 Heartbeat thread başlatıldı
[2026-09-01 00:15:28,537] [MASTER_CONTROLLER] INFO: ✅ 'SocialUploaderAgent' (trm_agents.social_uploader_agent) initialize edildi.
[2026-09-01 00:25:31,092] [Sosyal_Medya_Uploader] INFO: ✅ global_config.json başarıyla yüklendi
[2026-09-01 00:25:31,092] [Sosyal_Medya_Uploader] INFO: 🚀 Sosyal_Medya_Uploader başlatılıyor...
[2026-09-01 00:25:31,092] [Sosyal_Medya_Uploader] INFO: 📁 Agent ID: None
[2026-09-01 00:25:31,098] [Sosyal_Medya_Uploader] WARNING: ⚠️ youtube_api_key için API anahtarı eksik
[2026-09-01 00:25:31,098] [Sosyal_Medya_Uploader] WARNING: ⚠️ tiktok_api_key için API anahtarı eksik
[2026-09-01 00:25:31,098] [Sosyal_Medya_Uploader] WARNING: ⚠️ instagram_access_token için API anahtarı eksik
[2026-09-01 00:25:31,098] [Sosyal_Medya_Uploader] WARNING: ⚠️ twitter_api_key için API anahtarı eksik
[2026-09-01 00:25:31,098] [Sosyal_Medya_Uploader] WARNING: ⚠️ twitter_api_secret için API anahtarı eksik
[2026-09-01 00:25:31,098] [Sosyal_Medya_Uploader] INFO: 📊 Platform durumu: {'youtube_api_key': False, 'tiktok_api_key': False, 'instagram_access_token': False, 'twitter_api_key': False, 'twitter_api_secret': False}
[2026-09-01 00:25:31,098] [Sosyal_Medya_Uploader] INFO: 📁 Varsayılan video: content/videos/default_video.mp4
[2026-09-01 00:25:31,098] [Sosyal_Medya_Uploader] INFO: 🌐 Varsayılan dil: tr
[2026-09-01 00:25:31,098] [Sosyal_Medya_Uploader] INFO: 💓 Heartbeat thread başlatıldı
[2026-09-01 00:25:31,098] [MASTER_CONTROLLER] INFO: ✅ 'SocialUploaderAgent' (trm_agents.social_uploader_agent) initialize edildi.
[2026-09-01 00:30:41,072] [Sosyal_Medya_Uploader] INFO: ✅ global_config.json başarıyla yüklendi
[2026-09-01 00:30:41,072] [Sosyal_Medya_Uploader] INFO: 🚀 Sosyal_Medya_Uploader başlatılıyor...
[2026-09-01 00:30:41,072] [Sosyal_Medya_Uploader] INFO: 📁 Agent ID: None
[2026-09-01 00:30:41,072] [Sosyal_Medya_Uploader] WARNING: ⚠️ youtube_api_key için API anahtarı eksik
[2026-09-01 00:30:41,072] [Sosyal_Medya_Uploader] WARNING: ⚠️ tiktok_api_key için API anahtarı eksik
[2026-09-01 00:30:41,072] [Sosyal_Medya_Uploader] WARNING: ⚠️ instagram_access_token için API anahtarı eksik
[2026-09-01 00:30:41,072] [Sosyal_Medya_Uploader] WARNING: ⚠️ twitter_api_key için API anahtarı eksik
[2026-09-01 00:30:41,072] [Sosyal_Medya_Uploader] WARNING: ⚠️ twitter_api_secret için API anahtarı eksik
[2026-09-01 00:30:41,072] [Sosyal_Medya_Uploader] INFO: 📊 Platform durumu: {'youtube_api_key': False, 'tiktok_api_key': False, 'instagram_access_token': False, 'twitter_api_key': False, 'twitter_api_secret': False}
[2026-09-01 00:30:41,072] [Sosyal_Medya_Uploader] INFO: 📁 Varsayılan video: content/videos/default_video.mp4
[2026-09-01 00:30:41,072] [Sosyal_Medya_Uploader] INFO: 🌐 Varsayılan dil: tr
[2026-09-01 00:30:41,072] [Sosyal_Medya_Uploader] INFO: 💓 Heartbeat thread başlatıldı
[2026-09-01 00:30:41,072] [MASTER_CONTROLLER] INFO: ✅ 'SocialUploaderAgent' (trm_agents.social_uploader_agent) initialize edildi.
[2026-09-01 00:32:30,285] [Sosyal_Medya_Uploader] INFO: ✅ global_config.json başarıyla yüklendi
[2026-09-01 00:32:30,286] [Sosyal_Medya_Uploader] INFO: 🚀 Sosyal_Medya_Uploader başlatılıyor...
[2026-09-01 00:32:30,286] [Sosyal_Medya_Uploader] INFO: 📁 Agent ID: None
[2026-09-01 00:32:30,286] [Sosyal_Medya_Uploader] WARNING: ⚠️ youtube_api_key için API anahtarı eksik
[2026-09-01 00:32:30,286] [Sosyal_Medya_Uploader] WARNING: ⚠️ tiktok_api_key için API anahtarı eksik
[2026-09-01 00:32:30,286] [Sosyal_Medya_Uploader] WARNING: ⚠️ instagram_access_token için API anahtarı eksik
[2026-09-01 00:32:30,286] [Sosyal_Medya_Uploader] WARNING: ⚠️ twitter_api_key için API anahtarı eksik
[2026-09-01 00:32:30,286] [Sosyal_Medya_Uploader] WARNING: ⚠️ twitter_api_secret için API anahtarı eksik
[2026-09-01 00:32:30,286] [Sosyal_Medya_Uploader] INFO: 📊 Platform durumu: {'youtube_api_key': False, 'tiktok_api_key': False, 'instagram_access_token': False, 'twitter_api_key': False, 'twitter_api_secret': False}
[2026-09-01 00:32:30,286] [Sosyal_Medya_Uploader] INFO: 📁 Varsayılan video: content/videos/default_video.mp4
[2026-09-01 00:32:30,286] [Sosyal_Medya_Uploader] INFO: 🌐 Varsayılan dil: tr
[2026-09-01 00:32:30,287] [Sosyal_Medya_Uploader] INFO: 💓 Heartbeat thread başlatıldı
[2026-09-01 00:32:30,287] [MASTER_CONTROLLER] INFO: ✅ 'SocialUploaderAgent' (trm_agents.social_uploader_agent) initialize edildi.
[2026-09-02 15:27:50,262] [Sosyal_Medya_Uploader] INFO: ✅ global_config.json başarıyla yüklendi
[2026-09-02 15:27:50,263] [Sosyal_Medya_Uploader] INFO: 🚀 Sosyal_Medya_Uploader başlatılıyor...
[2026-09-02 15:27:50,263] [Sosyal_Medya_Uploader] INFO: 📁 Agent ID: None
[2026-09-02 15:27:50,263] [Sosyal_Medya_Uploader] WARNING: ⚠️ youtube_api_key için API anahtarı eksik
[2026-09-02 15:27:50,264] [Sosyal_Medya_Uploader] WARNING: ⚠️ tiktok_api_key için API anahtarı eksik
[2026-09-02 15:27:50,264] [Sosyal_Medya_Uploader] WARNING: ⚠️ instagram_access_token için API anahtarı eksik
[2026-09-02 15:27:50,264] [Sosyal_Medya_Uploader] WARNING: ⚠️ twitter_api_key için API anahtarı eksik
[2026-09-02 15:27:50,264] [Sosyal_Medya_Uploader] WARNING: ⚠️ twitter_api_secret için API anahtarı eksik
[2026-09-02 15:27:50,264] [Sosyal_Medya_Uploader] INFO: 📊 Platform durumu: {'youtube_api_key': False, 'tiktok_api_key': False, 'instagram_access_token': False, 'twitter_api_key': False, 'twitter_api_secret': False}
[2026-09-02 15:27:50,264] [Sosyal_Medya_Uploader] INFO: 📁 Varsayılan video: content/videos/default_video.mp4
[2026-09-02 15:27:50,264] [Sosyal_Medya_Uploader] INFO: 🌐 Varsayılan dil: tr
[2026-09-02 15:27:50,265] [Sosyal_Medya_Uploader] INFO: 💓 Heartbeat thread başlatıldı
[2026-09-02 15:27:50,265] [MASTER_CONTROLLER] INFO: ✅ 'SocialUploaderAgent' (trm_agents.social_uploader_agent) initialize edildi.
[2026-09-02 15:40:54,571] [Sosyal_Medya_Uploader] INFO: ✅ global_config.json başarıyla yüklendi
[2026-09-02 15:40:54,571] [Sosyal_Medya_Uploader] INFO: 🚀 Sosyal_Medya_Uploader başlatılıyor...
[2026-09-02 15:40:54,572] [Sosyal_Medya_Uploader] INFO: 📁 Agent ID: None
[2026-09-02 15:40:54,572] [Sosyal_Medya_Uploader] WARNING: ⚠️ youtube_api_key için API anahtarı eksik
[2026-09-02 15:40:54,572] [Sosyal_Medya_Uploader] WARNING: ⚠️ tiktok_api_key için API anahtarı eksik
[2026-09-02 15:40:54,572] [Sosyal_Medya_Uploader] WARNING: ⚠️ instagram_access_token için API anahtarı eksik
[2026-09-02 15:40:54,572] [Sosyal_Medya_Uploader] WARNING: ⚠️ twitter_api_key için API anahtarı eksik
[2026-09-02 15:40:54,572] [Sosyal_Medya_Uploader] WARNING: ⚠️ twitter_api_secret için API anahtarı eksik
[2026-09-02 15:40:54,572] [Sosyal_Medya_Uploader] INFO: 📊 Platform durumu: {'youtube_api_key': False, 'tiktok_api_key': False, 'instagram_access_token': False, 'twitter_api_key': False, 'twitter_api_secret': False}
[2026-09-02 15:40:54,572] [Sosyal_Medya_Uploader] INFO: 📁 Varsayılan video: content/videos/default_video.mp4
[2026-09-02 15:40:54,572] [Sosyal_Medya_Uploader] INFO: 🌐 Varsayılan dil: tr
[2026-09-02 15:40:54,573] [Sosyal_Medya_Uploader] INFO: 💓 Heartbeat thread başlatıldı
[2026-09-02 15:40:54,573] [MASTER_CONTROLLER] INFO: ✅ 'SocialUploaderAgent' (trm_agents.social_uploader_agent) initialize edildi.
[2026-09-06 00:08:31,268] [Sosyal_Medya_Uploader] INFO: ✅ global_config.json başarıyla yüklendi
[2026-09-06 00:08:31,269] [Sosyal_Medya_Uploader] INFO: 🚀 Sosyal_Medya_Uploader başlatılıyor...
[2026-09-06 00:08:31,269] [Sosyal_Medya_Uploader] INFO: 📁 Agent ID: None
[2026-09-06 00:08:31,271] [Sosyal_Medya_Uploader] WARNING: ⚠️ youtube_api_key için API anahtarı eksik
[2026-09-06 00:08:31,271] [Sosyal_Medya_Uploader] WARNING: ⚠️ tiktok_api_key için API anahtarı eksik
[2026-09-06 00:08:31,271] [Sosyal_Medya_Uploader] WARNING: ⚠️ instagram_access_token için API anahtarı eksik
[2026-09-06 00:08:31,271] [Sosyal_Medya_Uploader] WARNING: ⚠️ twitter_api_key için API anahtarı eksik
[2026-09-06 00:08:31,271] [Sosyal_Medya_Uploader] WARNING: ⚠️ twitter_api_secret için API anahtarı eksik
[2026-09-06 00:08:31,272] [Sosyal_Medya_Uploader] INFO: 📊 Platform durumu: {'youtube_api_key': False, 'tiktok_api_key': False, 'instagram_access_token': False, 'twitter_api_key': False, 'twitter_api_secret': False}
[2026-09-06 00:08:31,272] [Sosyal_Medya_Uploader] INFO: 📁 Varsayılan video: content/videos/default_video.mp4
[2026-09-06 00:08:31,272] [Sosyal_Medya_Uploader] INFO: 🌐 Varsayılan dil: tr
[2026-09-06 00:08:31,274] [Sosyal_Medya_Uploader] INFO: 💓 Heartbeat thread başlatıldı
[2026-09-06 00:08:31,274] [MASTER_CONTROLLER] INFO: ✅ 'SocialUploaderAgent' (trm_agents.social_uploader_agent) initialize edildi.
[2026-09-06 00:46:43,345] [Sosyal_Medya_Uploader] INFO: ✅ global_config.json başarıyla yüklendi
[2026-09-06 00:46:43,345] [Sosyal_Medya_Uploader] INFO: 🚀 Sosyal_Medya_Uploader başlatılıyor...
[2026-09-06 00:46:43,345] [Sosyal_Medya_Uploader] INFO: 📁 Agent ID: None
[2026-09-06 00:46:43,345] [Sosyal_Medya_Uploader] WARNING: ⚠️ youtube_api_key için API anahtarı eksik
[2026-09-06 00:46:43,345] [Sosyal_Medya_Uploader] WARNING: ⚠️ tiktok_api_key için API anahtarı eksik
[2026-09-06 00:46:43,347] [Sosyal_Medya_Uploader] WARNING: ⚠️ instagram_access_token için API anahtarı eksik
[2026-09-06 00:46:43,347] [Sosyal_Medya_Uploader] WARNING: ⚠️ twitter_api_key için API anahtarı eksik
[2026-09-06 00:46:43,347] [Sosyal_Medya_Uploader] WARNING: ⚠️ twitter_api_secret için API anahtarı eksik
[2026-09-06 00:46:43,347] [Sosyal_Medya_Uploader] INFO: 📊 Platform durumu: {'youtube_api_key': False, 'tiktok_api_key': False, 'instagram_access_token': False, 'twitter_api_key': False, 'twitter_api_secret': False}
[2026-09-06 00:46:43,347] [Sosyal_Medya_Uploader] INFO: 📁 Varsayılan video: content/videos/default_video.mp4
[2026-09-06 00:46:43,347] [Sosyal_Medya_Uploader] INFO: 🌐 Varsayılan dil: tr
[2026-09-06 00:46:43,349] [Sosyal_Medya_Uploader] INFO: 💓 Heartbeat thread başlatıldı
[2026-09-06 00:46:43,377] [MASTER_CONTROLLER] INFO: ✅ 'SocialUploaderAgent' (trm_agents.social_uploader_agent) initialize edildi.
[2026-09-06 00:48:13,047] [Sosyal_Medya_Uploader] INFO: ✅ global_config.json başarıyla yüklendi
[2026-09-06 00:48:13,050] [Sosyal_Medya_Uploader] INFO: 🚀 Sosyal_Medya_Uploader başlatılıyor...
[2026-09-06 00:48:13,050] [Sosyal_Medya_Uploader] INFO: 📁 Agent ID: None
[2026-09-06 00:48:13,050] [Sosyal_Medya_Uploader] WARNING: ⚠️ youtube_api_key için API anahtarı eksik
[2026-09-06 00:48:13,050] [Sosyal_Medya_Uploader] WARNING: ⚠️ tiktok_api_key için API anahtarı eksik
[2026-09-06 00:48:13,050] [Sosyal_Medya_Uploader] WARNING: ⚠️ instagram_access_token için API anahtarı eksik
[2026-09-06 00:48:13,050] [Sosyal_Medya_Uploader] WARNING: ⚠️ twitter_api_key için API anahtarı eksik
[2026-09-06 00:48:13,050] [Sosyal_Medya_Uploader] WARNING: ⚠️ twitter_api_secret için API anahtarı eksik
[2026-09-06 00:48:13,051] [Sosyal_Medya_Uploader] INFO: 📊 Platform durumu: {'youtube_api_key': False, 'tiktok_api_key': False, 'instagram_access_token': False, 'twitter_api_key': False, 'twitter_api_secret': False}
[2026-09-06 00:48:13,051] [Sosyal_Medya_Uploader] INFO: 📁 Varsayılan video: content/videos/default_video.mp4
[2026-09-06 00:48:13,051] [Sosyal_Medya_Uploader] INFO: 🌐 Varsayılan dil: tr
[2026-09-06 00:48:13,051] [Sosyal_Medya_Uploader] INFO: 💓 Heartbeat thread başlatıldı
[2026-09-06 00:48:13,051] [MASTER_CONTROLLER] INFO: ✅ 'SocialUploaderAgent' (trm_agents.social_uploader_agent) initialize edildi.
[2026-09-06 00:54:16,945] [Sosyal_Medya_Uploader] INFO: ✅ global_config.json başarıyla yüklendi
[2026-09-06 00:54:16,947] [Sosyal_Medya_Uploader] INFO: 🚀 Sosyal_Medya_Uploader başlatılıyor...
[2026-09-06 00:54:16,947] [Sosyal_Medya_Uploader] INFO: 📁 Agent ID: None
[2026-09-06 00:54:16,947] [Sosyal_Medya_Uploader] WARNING: ⚠️ youtube_api_key için API anahtarı eksik
[2026-09-06 00:54:16,947] [Sosyal_Medya_Uploader] WARNING: ⚠️ tiktok_api_key için API anahtarı eksik
[2026-09-06 00:54:16,947] [Sosyal_Medya_Uploader] WARNING: ⚠️ instagram_access_token için API anahtarı eksik
[2026-09-06 00:54:16,947] [Sosyal_Medya_Uploader] WARNING: ⚠️ twitter_api_key için API anahtarı eksik
[2026-09-06 00:54:16,947] [Sosyal_Medya_Uploader] WARNING: ⚠️ twitter_api_secret için API anahtarı eksik
[2026-09-06 00:54:16,947] [Sosyal_Medya_Uploader] INFO: 📊 Platform durumu: {'youtube_api_key': False, 'tiktok_api_key': False, 'instagram_access_token': False, 'twitter_api_key': False, 'twitter_api_secret': False}
[2026-09-06 00:54:16,947] [Sosyal_Medya_Uploader] INFO: 📁 Varsayılan video: content/videos/default_video.mp4
[2026-09-06 00:54:16,947] [Sosyal_Medya_Uploader] INFO: 🌐 Varsayılan dil: tr
[2026-09-06 00:54:17,014] [Sosyal_Medya_Uploader] INFO: 💓 Heartbeat thread başlatıldı
[2026-09-06 00:54:17,014] [MASTER_CONTROLLER] INFO: ✅ 'SocialUploaderAgent' (trm_agents.social_uploader_agent) initialize edildi.
[2026-09-06 01:17:53,469] [Sosyal_Medya_Uploader] INFO: ✅ global_config.json başarıyla yüklendi
[2026-09-06 01:17:53,471] [Sosyal_Medya_Uploader] INFO: 🚀 Sosyal_Medya_Uploader başlatılıyor...
[2026-09-06 01:17:53,471] [Sosyal_Medya_Uploader] INFO: 📁 Agent ID: None
[2026-09-06 01:17:53,471] [Sosyal_Medya_Uploader] WARNING: ⚠️ youtube_api_key için API anahtarı eksik
[2026-09-06 01:17:53,471] [Sosyal_Medya_Uploader] WARNING: ⚠️ tiktok_api_key için API anahtarı eksik
[2026-09-06 01:17:53,471] [Sosyal_Medya_Uploader] WARNING: ⚠️ instagram_access_token için API anahtarı eksik
[2026-09-06 01:17:53,471] [Sosyal_Medya_Uploader] WARNING: ⚠️ twitter_api_key için API anahtarı eksik
[2026-09-06 01:17:53,472] [Sosyal_Medya_Uploader] WARNING: ⚠️ twitter_api_secret için API anahtarı eksik
[2026-09-06 01:17:53,472] [Sosyal_Medya_Uploader] INFO: 📊 Platform durumu: {'youtube_api_key': False, 'tiktok_api_key': False, 'instagram_access_token': False, 'twitter_api_key': False, 'twitter_api_secret': False}
[2026-09-06 01:17:53,472] [Sosyal_Medya_Uploader] INFO: 📁 Varsayılan video: content/videos/default_video.mp4
[2026-09-06 01:17:53,472] [Sosyal_Medya_Uploader] INFO: 🌐 Varsayılan dil: tr
[2026-09-06 01:17:53,473] [Sosyal_Medya_Uploader] INFO: 💓 Heartbeat thread başlatıldı
[2026-09-06 01:17:53,473] [MASTER_CONTROLLER] INFO: ✅ 'SocialUploaderAgent' (trm_agents.social_uploader_agent) initialize edildi.
[2026-09-06 01:18:50,674] [Sosyal_Medya_Uploader] INFO: ✅ global_config.json başarıyla yüklendi
[2026-09-06 01:18:50,674] [Sosyal_Medya_Uploader] INFO: 🚀 Sosyal_Medya_Uploader başlatılıyor...
[2026-09-06 01:18:50,675] [Sosyal_Medya_Uploader] INFO: 📁 Agent ID: None
[2026-09-06 01:18:50,675] [Sosyal_Medya_Uploader] WARNING: ⚠️ youtube_api_key için API anahtarı eksik
[2026-09-06 01:18:50,675] [Sosyal_Medya_Uploader] WARNING: ⚠️ tiktok_api_key için API anahtarı eksik
[2026-09-06 01:18:50,675] [Sosyal_Medya_Uploader] WARNING: ⚠️ instagram_access_token için API anahtarı eksik
[2026-09-06 01:18:50,675] [Sosyal_Medya_Uploader] WARNING: ⚠️ twitter_api_key için API anahtarı eksik
[2026-09-06 01:18:50,676] [Sosyal_Medya_Uploader] WARNING: ⚠️ twitter_api_secret için API anahtarı eksik
[2026-09-06 01:18:50,676] [Sosyal_Medya_Uploader] INFO: 📊 Platform durumu: {'youtube_api_key': False, 'tiktok_api_key': False, 'instagram_access_token': False, 'twitter_api_key': False, 'twitter_api_secret': False}
[2026-09-06 01:18:50,676] [Sosyal_Medya_Uploader] INFO: 📁 Varsayılan video: content/videos/default_video.mp4
[2026-09-06 01:18:50,676] [Sosyal_Medya_Uploader] INFO: 🌐 Varsayılan dil: tr
[2026-09-06 01:18:50,676] [Sosyal_Medya_Uploader] INFO: 💓 Heartbeat thread başlatıldı
[2026-09-06 01:18:50,676] [MASTER_CONTROLLER] INFO: ✅ 'SocialUploaderAgent' (trm_agents.social_uploader_agent) initialize edildi.
[2026-09-06 02:29:19,896] [Sosyal_Medya_Uploader] INFO: ✅ global_config.json başarıyla yüklendi
[2026-09-06 02:29:19,896] [Sosyal_Medya_Uploader] INFO: 🚀 Sosyal_Medya_Uploader başlatılıyor...
[2026-09-06 02:29:19,897] [Sosyal_Medya_Uploader] INFO: 📁 Agent ID: None
[2026-09-06 02:29:19,897] [Sosyal_Medya_Uploader] WARNING: ⚠️ youtube_api_key için API anahtarı eksik
[2026-09-06 02:29:19,897] [Sosyal_Medya_Uploader] WARNING: ⚠️ tiktok_api_key için API anahtarı eksik
[2026-09-06 02:29:19,897] [Sosyal_Medya_Uploader] WARNING: ⚠️ instagram_access_token için API anahtarı eksik
[2026-09-06 02:29:19,897] [Sosyal_Medya_Uploader] WARNING: ⚠️ twitter_api_key için API anahtarı eksik
[2026-09-06 02:29:19,897] [Sosyal_Medya_Uploader] WARNING: ⚠️ twitter_api_secret için API anahtarı eksik
[2026-09-06 02:29:19,897] [Sosyal_Medya_Uploader] INFO: 📊 Platform durumu: {'youtube_api_key': False, 'tiktok_api_key': False, 'instagram_access_token': False, 'twitter_api_key': False, 'twitter_api_secret': False}
[2026-09-06 02:29:19,898] [Sosyal_Medya_Uploader] INFO: 📁 Varsayılan video: content/videos/default_video.mp4
[2026-09-06 02:29:19,898] [Sosyal_Medya_Uploader] INFO: 🌐 Varsayılan dil: tr
[2026-09-06 02:29:19,899] [Sosyal_Medya_Uploader] INFO: 💓 Heartbeat thread başlatıldı
[2026-09-06 02:29:19,899] [MASTER_CONTROLLER] INFO: ✅ 'SocialUploaderAgent' (trm_agents.social_uploader_agent) initialize edildi.
[2026-09-06 02:30:49,537] [Sosyal_Medya_Uploader] INFO: ✅ global_config.json başarıyla yüklendi
[2026-09-06 02:30:49,537] [Sosyal_Medya_Uploader] INFO: 🚀 Sosyal_Medya_Uploader başlatılıyor...
[2026-09-06 02:30:49,538] [Sosyal_Medya_Uploader] INFO: 📁 Agent ID: None
[2026-09-06 02:30:49,538] [Sosyal_Medya_Uploader] WARNING: ⚠️ youtube_api_key için API anahtarı eksik
[2026-09-06 02:30:49,538] [Sosyal_Medya_Uploader] WARNING: ⚠️ tiktok_api_key için API anahtarı eksik
[2026-09-06 02:30:49,538] [Sosyal_Medya_Uploader] WARNING: ⚠️ instagram_access_token için API anahtarı eksik
[2026-09-06 02:30:49,538] [Sosyal_Medya_Uploader] WARNING: ⚠️ twitter_api_key için API anahtarı eksik
[2026-09-06 02:30:49,538] [Sosyal_Medya_Uploader] WARNING: ⚠️ twitter_api_secret için API anahtarı eksik
[2026-09-06 02:30:49,538] [Sosyal_Medya_Uploader] INFO: 📊 Platform durumu: {'youtube_api_key': False, 'tiktok_api_key': False, 'instagram_access_token': False, 'twitter_api_key': False, 'twitter_api_secret': False}
[2026-09-06 02:30:49,538] [Sosyal_Medya_Uploader] INFO: 📁 Varsayılan video: content/videos/default_video.mp4
[2026-09-06 02:30:49,538] [Sosyal_Medya_Uploader] INFO: 🌐 Varsayılan dil: tr
[2026-09-06 02:30:49,540] [Sosyal_Medya_Uploader] INFO: 💓 Heartbeat thread başlatıldı
[2026-09-06 02:30:49,540] [MASTER_CONTROLLER] INFO: ✅ 'SocialUploaderAgent' (trm_agents.social_uploader_agent) initialize edildi.
[2026-09-06 02:33:22,996] [Sosyal_Medya_Uploader] INFO: ✅ global_config.json başarıyla yüklendi
[2026-09-06 02:33:22,996] [Sosyal_Medya_Uploader] INFO: 🚀 Sosyal_Medya_Uploader başlatılıyor...
[2026-09-06 02:33:22,996] [Sosyal_Medya_Uploader] INFO: 📁 Agent ID: None
[2026-09-06 02:33:22,997] [Sosyal_Medya_Uploader] WARNING: ⚠️ youtube_api_key için API anahtarı eksik
[2026-09-06 02:33:22,997] [Sosyal_Medya_Uploader] WARNING: ⚠️ tiktok_api_key için API anahtarı eksik
[2026-09-06 02:33:22,997] [Sosyal_Medya_Uploader] WARNING: ⚠️ instagram_access_token için API anahtarı eksik
[2026-09-06 02:33:22,997] [Sosyal_Medya_Uploader] WARNING: ⚠️ twitter_api_key için API anahtarı eksik
[2026-09-06 02:33:22,997] [Sosyal_Medya_Uploader] WARNING: ⚠️ twitter_api_secret için API anahtarı eksik
[2026-09-06 02:33:22,997] [Sosyal_Medya_Uploader] INFO: 📊 Platform durumu: {'youtube_api_key': False, 'tiktok_api_key': False, 'instagram_access_token': False, 'twitter_api_key': False, 'twitter_api_secret': False}
[2026-09-06 02:33:22,998] [Sosyal_Medya_Uploader] INFO: 📁 Varsayılan video: content/videos/default_video.mp4
[2026-09-06 02:33:22,998] [Sosyal_Medya_Uploader] INFO: 🌐 Varsayılan dil: tr
[2026-09-06 02:33:22,998] [Sosyal_Medya_Uploader] INFO: 💓 Heartbeat thread başlatıldı
[2026-09-06 02:33:22,999] [MASTER_CONTROLLER] INFO: ✅ 'SocialUploaderAgent' (trm_agents.social_uploader_agent) initialize edildi.
[2026-09-07 13:28:13,116] [Sosyal_Medya_Uploader] INFO: ✅ global_config.json başarıyla yüklendi
[2026-09-07 13:28:13,121] [Sosyal_Medya_Uploader] INFO: 🚀 Sosyal_Medya_Uploader başlatılıyor...
[2026-09-07 13:28:13,151] [Sosyal_Medya_Uploader] INFO: 📁 Agent ID: None
[2026-09-07 13:28:13,164] [Sosyal_Medya_Uploader] WARNING: ⚠️ youtube_api_key için API anahtarı eksik
[2026-09-07 13:28:13,164] [Sosyal_Medya_Uploader] WARNING: ⚠️ tiktok_api_key için API anahtarı eksik
[2026-09-07 13:28:13,164] [Sosyal_Medya_Uploader] WARNING: ⚠️ instagram_access_token için API anahtarı eksik
[2026-09-07 13:28:13,164] [Sosyal_Medya_Uploader] WARNING: ⚠️ twitter_api_key için API anahtarı eksik
[2026-09-07 13:28:13,168] [Sosyal_Medya_Uploader] WARNING: ⚠️ twitter_api_secret için API anahtarı eksik
[2026-09-07 13:28:13,184] [Sosyal_Medya_Uploader] INFO: 📊 Platform durumu: {'youtube_api_key': False, 'tiktok_api_key': False, 'instagram_access_token': False, 'twitter_api_key': False, 'twitter_api_secret': False}
[2026-09-07 13:28:13,239] [Sosyal_Medya_Uploader] INFO: 📁 Varsayılan video: content/videos/default_video.mp4
[2026-09-07 13:28:13,240] [Sosyal_Medya_Uploader] INFO: 🌐 Varsayılan dil: tr
[2026-09-07 13:28:13,241] [Sosyal_Medya_Uploader] INFO: 💓 Heartbeat thread başlatıldı
[2026-09-07 13:28:13,286] [MASTER_CONTROLLER] INFO: ✅ 'SocialUploaderAgent' (trm_agents.social_uploader_agent) initialize edildi.
[2026-09-07 18:22:25,480] [Sosyal_Medya_Uploader] INFO: ✅ global_config.json başarıyla yüklendi
[2026-09-07 18:22:25,490] [Sosyal_Medya_Uploader] INFO: 🚀 Sosyal_Medya_Uploader başlatılıyor...
[2026-09-07 18:22:25,490] [Sosyal_Medya_Uploader] INFO: 📁 Agent ID: None
[2026-09-07 18:22:25,491] [Sosyal_Medya_Uploader] WARNING: ⚠️ youtube_api_key için API anahtarı eksik
[2026-09-07 18:22:25,491] [Sosyal_Medya_Uploader] WARNING: ⚠️ tiktok_api_key için API anahtarı eksik
[2026-09-07 18:22:25,491] [Sosyal_Medya_Uploader] WARNING: ⚠️ instagram_access_token için API anahtarı eksik
[2026-09-07 18:22:25,491] [Sosyal_Medya_Uploader] WARNING: ⚠️ twitter_api_key için API anahtarı eksik
[2026-09-07 18:22:25,491] [Sosyal_Medya_Uploader] WARNING: ⚠️ twitter_api_secret için API anahtarı eksik
[2026-09-07 18:22:25,491] [Sosyal_Medya_Uploader] INFO: 📊 Platform durumu: {'youtube_api_key': False, 'tiktok_api_key': False, 'instagram_access_token': False, 'twitter_api_key': False, 'twitter_api_secret': False}
[2026-09-07 18:22:25,491] [Sosyal_Medya_Uploader] INFO: 📁 Varsayılan video: content/videos/default_video.mp4
[2026-09-07 18:22:25,491] [Sosyal_Medya_Uploader] INFO: 🌐 Varsayılan dil: tr
[2026-09-07 18:22:25,491] [Sosyal_Medya_Uploader] INFO: 💓 Heartbeat thread başlatıldı
[2026-09-07 18:22:25,491] [MASTER_CONTROLLER] INFO: ✅ 'SocialUploaderAgent' (trm_agents.social_uploader_agent) initialize edildi.
[2026-09-07 20:40:51,100] [Sosyal_Medya_Uploader] INFO: ✅ global_config.json başarıyla yüklendi
[2026-09-07 20:40:51,102] [Sosyal_Medya_Uploader] INFO: 🚀 Sosyal_Medya_Uploader başlatılıyor...
[2026-09-07 20:40:51,102] [Sosyal_Medya_Uploader] INFO: 📁 Agent ID: None
[2026-09-07 20:40:51,102] [Sosyal_Medya_Uploader] WARNING: ⚠️ youtube_api_key için API anahtarı eksik
[2026-09-07 20:40:51,102] [Sosyal_Medya_Uploader] WARNING: ⚠️ tiktok_api_key için API anahtarı eksik
[2026-09-07 20:40:51,102] [Sosyal_Medya_Uploader] WARNING: ⚠️ instagram_access_token için API anahtarı eksik
[2026-09-07 20:40:51,102] [Sosyal_Medya_Uploader] WARNING: ⚠️ twitter_api_key için API anahtarı eksik
[2026-09-07 20:40:51,102] [Sosyal_Medya_Uploader] WARNING: ⚠️ twitter_api_secret için API anahtarı eksik
[2026-09-07 20:40:51,103] [Sosyal_Medya_Uploader] INFO: 📊 Platform durumu: {'youtube_api_key': False, 'tiktok_api_key': False, 'instagram_access_token': False, 'twitter_api_key': False, 'twitter_api_secret': False}
[2026-09-07 20:40:51,103] [Sosyal_Medya_Uploader] INFO: 📁 Varsayılan video: content/videos/default_video.mp4
[2026-09-07 20:40:51,104] [Sosyal_Medya_Uploader] INFO: 🌐 Varsayılan dil: tr
[2026-09-07 20:40:51,104] [Sosyal_Medya_Uploader] INFO: 💓 Heartbeat thread başlatıldı
[2026-09-07 20:40:51,104] [MASTER_CONTROLLER] INFO: ✅ 'SocialUploaderAgent' (trm_agents.social_uploader_agent) initialize edildi.
[2026-09-08 02:12:22,413] [Sosyal_Medya_Uploader] INFO: ✅ global_config.json başarıyla yüklendi
[2026-09-08 02:12:22,413] [Sosyal_Medya_Uploader] INFO: 🚀 Sosyal_Medya_Uploader başlatılıyor...
[2026-09-08 02:12:22,413] [Sosyal_Medya_Uploader] INFO: 📁 Agent ID: None
[2026-09-08 02:12:22,413] [Sosyal_Medya_Uploader] WARNING: ⚠️ youtube_api_key için API anahtarı eksik
[2026-09-08 02:12:22,413] [Sosyal_Medya_Uploader] WARNING: ⚠️ tiktok_api_key için API anahtarı eksik
[2026-09-08 02:12:22,413] [Sosyal_Medya_Uploader] WARNING: ⚠️ instagram_access_token için API anahtarı eksik
[2026-09-08 02:12:22,413] [Sosyal_Medya_Uploader] WARNING: ⚠️ twitter_api_key için API anahtarı eksik
[2026-09-08 02:12:22,413] [Sosyal_Medya_Uploader] WARNING: ⚠️ twitter_api_secret için API anahtarı eksik
[2026-09-08 02:12:22,413] [Sosyal_Medya_Uploader] INFO: 📊 Platform durumu: {'youtube_api_key': False, 'tiktok_api_key': False, 'instagram_access_token': False, 'twitter_api_key': False, 'twitter_api_secret': False}
[2026-09-08 02:12:22,413] [Sosyal_Medya_Uploader] INFO: 📁 Varsayılan video: content/videos/default_video.mp4
[2026-09-08 02:12:22,413] [Sosyal_Medya_Uploader] INFO: 🌐 Varsayılan dil: tr
[2026-09-08 02:12:22,413] [Sosyal_Medya_Uploader] INFO: 💓 Heartbeat thread başlatıldı
[2026-09-08 02:12:22,413] [MASTER_CONTROLLER] INFO: ✅ 'SocialUploaderAgent' (trm_agents.social_uploader_agent) initialize edildi.
